candidate_method,reference_method,k,strategy,metric,difference_definition,n_paired_patients,mean_paired_difference,bootstrap_95_lower,bootstrap_95_upper,bootstrap_unit
oa_hb_tpm_isotropic_prior,hb_tpm_latent_mse,2,clustered,mean_hidden_dice,candidate_minus_reference,98,-0.0023730791590438937,-0.006768448861797495,0.0022019020272039938,patient
oa_hb_tpm_isotropic_prior,hb_tpm_latent_mse,2,clustered,mean_hidden_hd95_px,candidate_minus_reference,98,0.1732716529937938,-0.06585853956304874,0.42869119554450796,patient
oa_hb_tpm_isotropic_prior,hb_tpm_latent_mse,2,clustered,area_curve_relative_rmse,candidate_minus_reference,98,0.005712851534352733,-0.012677442922588423,0.022325327193510873,patient
oa_hb_tpm_isotropic_prior,hb_tpm_latent_mse,2,clustered,hidden_brier,candidate_minus_reference,98,3.537080459752973e-05,-0.0008496689259511779,0.0008323998839537408,patient
oa_hb_tpm_isotropic_prior,hb_tpm_latent_mse,2,random,mean_hidden_dice,candidate_minus_reference,98,-0.0025503235954823446,-0.007019973279047072,0.0020023785165978847,patient
oa_hb_tpm_isotropic_prior,hb_tpm_latent_mse,2,random,mean_hidden_hd95_px,candidate_minus_reference,98,0.17909381958403717,-0.055494108468118364,0.4169899923400747,patient
oa_hb_tpm_isotropic_prior,hb_tpm_latent_mse,2,random,area_curve_relative_rmse,candidate_minus_reference,98,0.004925989941734711,-0.013135218511221416,0.0200525628452131,patient
oa_hb_tpm_isotropic_prior,hb_tpm_latent_mse,2,random,hidden_brier,candidate_minus_reference,98,5.137896431343531e-05,-0.0007469574735043816,0.0007740080773317227,patient
oa_hb_tpm_isotropic_prior,hb_tpm_latent_mse,2,uniform,mean_hidden_dice,candidate_minus_reference,98,-0.004132063644031344,-0.009227325420130782,0.0008146849355406693,patient
oa_hb_tpm_isotropic_prior,hb_tpm_latent_mse,2,uniform,mean_hidden_hd95_px,candidate_minus_reference,98,0.2581296687279471,-0.014279999834829369,0.5570227284745588,patient
oa_hb_tpm_isotropic_prior,hb_tpm_latent_mse,2,uniform,area_curve_relative_rmse,candidate_minus_reference,98,0.006112150330016331,-0.011703320884834383,0.021514935933915496,patient
oa_hb_tpm_isotropic_prior,hb_tpm_latent_mse,2,uniform,hidden_brier,candidate_minus_reference,98,0.0003907008153595542,-0.0004970311206214251,0.0012563455595672967,patient
oa_hb_tpm_isotropic_prior,hb_tpm_latent_mse,3,clustered,mean_hidden_dice,candidate_minus_reference,98,-0.002313212049780004,-0.008521877358735558,0.00406703914270115,patient
oa_hb_tpm_isotropic_prior,hb_tpm_latent_mse,3,clustered,mean_hidden_hd95_px,candidate_minus_reference,98,0.3671962408025772,0.004507651169030191,0.7081202910571194,patient
oa_hb_tpm_isotropic_prior,hb_tpm_latent_mse,3,clustered,area_curve_relative_rmse,candidate_minus_reference,98,0.031934870734277754,0.008992684982452443,0.05519406239323001,patient
oa_hb_tpm_isotropic_prior,hb_tpm_latent_mse,3,clustered,hidden_brier,candidate_minus_reference,98,0.00030533818490043047,-0.000792861918643191,0.0013087346715548508,patient
oa_hb_tpm_isotropic_prior,hb_tpm_latent_mse,3,random,mean_hidden_dice,candidate_minus_reference,98,-0.0024585246549393433,-0.007777337664765197,0.0030550408058851496,patient
oa_hb_tpm_isotropic_prior,hb_tpm_latent_mse,3,random,mean_hidden_hd95_px,candidate_minus_reference,98,0.3563031659354468,0.054724704695639184,0.6587013738578821,patient
oa_hb_tpm_isotropic_prior,hb_tpm_latent_mse,3,random,area_curve_relative_rmse,candidate_minus_reference,98,0.02740040738550834,0.007420715867335741,0.04707373068294236,patient
oa_hb_tpm_isotropic_prior,hb_tpm_latent_mse,3,random,hidden_brier,candidate_minus_reference,98,0.0003901762982868443,-0.0004987316133397387,0.0012307156799646218,patient
oa_hb_tpm_isotropic_prior,hb_tpm_latent_mse,3,uniform,mean_hidden_dice,candidate_minus_reference,98,-0.002438070218010196,-0.008354155323120855,0.003878800519480798,patient
oa_hb_tpm_isotropic_prior,hb_tpm_latent_mse,3,uniform,mean_hidden_hd95_px,candidate_minus_reference,98,0.3569137681500024,0.026490142874170647,0.6837139121452305,patient
oa_hb_tpm_isotropic_prior,hb_tpm_latent_mse,3,uniform,area_curve_relative_rmse,candidate_minus_reference,98,0.029527622960311577,0.008265338353237768,0.05077932135841129,patient
oa_hb_tpm_isotropic_prior,hb_tpm_latent_mse,3,uniform,hidden_brier,candidate_minus_reference,98,0.000428581154164012,-0.0006264817820177556,0.0013775127754565761,patient
oa_hb_tpm_isotropic_prior,hb_tpm_latent_mse,5,clustered,mean_hidden_dice,candidate_minus_reference,98,-0.004901153928425549,-0.010018581070393244,0.0001602392236584153,patient
oa_hb_tpm_isotropic_prior,hb_tpm_latent_mse,5,clustered,mean_hidden_hd95_px,candidate_minus_reference,98,0.42780889465549143,0.12863455230396728,0.7236085955740414,patient
oa_hb_tpm_isotropic_prior,hb_tpm_latent_mse,5,clustered,area_curve_relative_rmse,candidate_minus_reference,98,0.03418626438801863,0.014809878970676206,0.05427984818742944,patient
oa_hb_tpm_isotropic_prior,hb_tpm_latent_mse,5,clustered,hidden_brier,candidate_minus_reference,98,0.0006822106789569437,-0.00019231669196137372,0.001498318526048056,patient
oa_hb_tpm_isotropic_prior,hb_tpm_latent_mse,5,random,mean_hidden_dice,candidate_minus_reference,98,-0.004473232451024492,-0.009865970377870893,0.001195629536310246,patient
oa_hb_tpm_isotropic_prior,hb_tpm_latent_mse,5,random,mean_hidden_hd95_px,candidate_minus_reference,98,0.44566970378911414,0.1282269322500518,0.7671167422527465,patient
oa_hb_tpm_isotropic_prior,hb_tpm_latent_mse,5,random,area_curve_relative_rmse,candidate_minus_reference,98,0.03520118983064565,0.014027656670881112,0.057029569316166005,patient
oa_hb_tpm_isotropic_prior,hb_tpm_latent_mse,5,random,hidden_brier,candidate_minus_reference,98,0.000693039233055045,-0.00025302440978168024,0.0015746328901328466,patient
oa_hb_tpm_isotropic_prior,hb_tpm_latent_mse,5,uniform,mean_hidden_dice,candidate_minus_reference,98,-0.0038100032692061784,-0.010821700617783547,0.0035553412303965504,patient
oa_hb_tpm_isotropic_prior,hb_tpm_latent_mse,5,uniform,mean_hidden_hd95_px,candidate_minus_reference,98,0.4577167906941019,0.05261797884027395,0.8740792792378084,patient
oa_hb_tpm_isotropic_prior,hb_tpm_latent_mse,5,uniform,area_curve_relative_rmse,candidate_minus_reference,98,0.03506583471094265,0.010813034479860607,0.059923509018195924,patient
oa_hb_tpm_isotropic_prior,hb_tpm_latent_mse,5,uniform,hidden_brier,candidate_minus_reference,98,0.0005142607688143599,-0.0006864387354319297,0.0016590182880909128,patient
oa_hb_tpm_isotropic_prior,hb_tpm_latent_mse,7,clustered,mean_hidden_dice,candidate_minus_reference,98,-0.007510386268930883,-0.012896965792643338,-0.0020752826037907387,patient
oa_hb_tpm_isotropic_prior,hb_tpm_latent_mse,7,clustered,mean_hidden_hd95_px,candidate_minus_reference,98,0.6016954597451235,0.30229622489934393,0.9246558736083398,patient
oa_hb_tpm_isotropic_prior,hb_tpm_latent_mse,7,clustered,area_curve_relative_rmse,candidate_minus_reference,98,0.05027076878171958,0.027978012597420703,0.07121578146099583,patient
oa_hb_tpm_isotropic_prior,hb_tpm_latent_mse,7,clustered,hidden_brier,candidate_minus_reference,98,0.0012555682309428066,0.0003027288368618017,0.002180880648036471,patient
oa_hb_tpm_isotropic_prior,hb_tpm_latent_mse,7,random,mean_hidden_dice,candidate_minus_reference,98,-0.0076633855395365925,-0.014687409396582118,-0.00033132727550990766,patient
oa_hb_tpm_isotropic_prior,hb_tpm_latent_mse,7,random,mean_hidden_hd95_px,candidate_minus_reference,98,0.7093589763590517,0.2839280382116249,1.140596384091833,patient
oa_hb_tpm_isotropic_prior,hb_tpm_latent_mse,7,random,area_curve_relative_rmse,candidate_minus_reference,98,0.057575758482878145,0.0319122081594383,0.08415636315785727,patient
oa_hb_tpm_isotropic_prior,hb_tpm_latent_mse,7,random,hidden_brier,candidate_minus_reference,98,0.0013966200246038505,0.00010536474517870463,0.0026452870852294963,patient
oa_hb_tpm_isotropic_prior,hb_tpm_latent_mse,7,uniform,mean_hidden_dice,candidate_minus_reference,98,-0.0067894030124762954,-0.014879357332570661,0.0017067855616869302,patient
oa_hb_tpm_isotropic_prior,hb_tpm_latent_mse,7,uniform,mean_hidden_hd95_px,candidate_minus_reference,98,0.6927582237619413,0.20815880625730612,1.2003401070765258,patient
oa_hb_tpm_isotropic_prior,hb_tpm_latent_mse,7,uniform,area_curve_relative_rmse,candidate_minus_reference,98,0.06088238603370168,0.03178835364921634,0.08837609241577245,patient
oa_hb_tpm_isotropic_prior,hb_tpm_latent_mse,7,uniform,hidden_brier,candidate_minus_reference,98,0.0012660106568008077,-0.0002102260145225685,0.0026618326042436653,patient
oa_hb_tpm_isotropic_prior,hb_tpm_latent_mse,10,clustered,mean_hidden_dice,candidate_minus_reference,98,-0.006615214994358521,-0.0107272096205654,-0.0024238052522836642,patient
oa_hb_tpm_isotropic_prior,hb_tpm_latent_mse,10,clustered,mean_hidden_hd95_px,candidate_minus_reference,98,0.506806255903742,0.2792120690911284,0.7515591466524172,patient
oa_hb_tpm_isotropic_prior,hb_tpm_latent_mse,10,clustered,area_curve_relative_rmse,candidate_minus_reference,98,0.04456226033408525,0.024462570908212373,0.06472319271505012,patient
oa_hb_tpm_isotropic_prior,hb_tpm_latent_mse,10,clustered,hidden_brier,candidate_minus_reference,98,0.0010920082618083302,0.00028541585544542925,0.0018923683261156718,patient
oa_hb_tpm_isotropic_prior,hb_tpm_latent_mse,10,random,mean_hidden_dice,candidate_minus_reference,98,-0.008368954663078665,-0.015097415322087889,-0.00131208329956023,patient
oa_hb_tpm_isotropic_prior,hb_tpm_latent_mse,10,random,mean_hidden_hd95_px,candidate_minus_reference,98,0.6695102694444219,0.263857359422369,1.077927115966866,patient
oa_hb_tpm_isotropic_prior,hb_tpm_latent_mse,10,random,area_curve_relative_rmse,candidate_minus_reference,98,0.057530161213893594,0.031775172643716314,0.08306247557140368,patient
oa_hb_tpm_isotropic_prior,hb_tpm_latent_mse,10,random,hidden_brier,candidate_minus_reference,98,0.0015682765852888022,0.00037498075648077783,0.0027530016050179833,patient
oa_hb_tpm_isotropic_prior,hb_tpm_latent_mse,10,uniform,mean_hidden_dice,candidate_minus_reference,98,-0.00793541613570761,-0.015037515088054705,-0.00026674637856809446,patient
oa_hb_tpm_isotropic_prior,hb_tpm_latent_mse,10,uniform,mean_hidden_hd95_px,candidate_minus_reference,98,0.6565057925498904,0.23346262269912452,1.1069050847583155,patient
oa_hb_tpm_isotropic_prior,hb_tpm_latent_mse,10,uniform,area_curve_relative_rmse,candidate_minus_reference,98,0.05887010486995416,0.031495242394905164,0.08618693643820619,patient
oa_hb_tpm_isotropic_prior,hb_tpm_latent_mse,10,uniform,hidden_brier,candidate_minus_reference,98,0.0014807889903230345,0.00011272203671384752,0.0027922378667649263,patient
oa_hb_tpm_map,hb_tpm_latent_mse,2,clustered,mean_hidden_dice,candidate_minus_reference,98,-0.0028965899633792485,-0.007360002167244337,0.0018200972635515772,patient
oa_hb_tpm_map,hb_tpm_latent_mse,2,clustered,mean_hidden_hd95_px,candidate_minus_reference,98,0.18370702602604702,-0.05596318971201113,0.4376202915149866,patient
oa_hb_tpm_map,hb_tpm_latent_mse,2,clustered,area_curve_relative_rmse,candidate_minus_reference,98,0.008434081255721291,-0.009417699488862548,0.02526943409715911,patient
oa_hb_tpm_map,hb_tpm_latent_mse,2,clustered,hidden_brier,candidate_minus_reference,98,9.116479100621811e-05,-0.0008042405409339245,0.0009289839636648545,patient
oa_hb_tpm_map,hb_tpm_latent_mse,2,random,mean_hidden_dice,candidate_minus_reference,98,-0.0031320711371310016,-0.007828620362283756,0.0016258738427901898,patient
oa_hb_tpm_map,hb_tpm_latent_mse,2,random,mean_hidden_hd95_px,candidate_minus_reference,98,0.1929067995265829,-0.03537837063763282,0.43422470301417176,patient
oa_hb_tpm_map,hb_tpm_latent_mse,2,random,area_curve_relative_rmse,candidate_minus_reference,98,0.008104936762449423,-0.008997717161257544,0.02409734308339146,patient
oa_hb_tpm_map,hb_tpm_latent_mse,2,random,hidden_brier,candidate_minus_reference,98,0.00012829357530084998,-0.0007177773154131626,0.0009193799359134657,patient
oa_hb_tpm_map,hb_tpm_latent_mse,2,uniform,mean_hidden_dice,candidate_minus_reference,98,-0.004579944135813447,-0.010154171305481683,0.0008343368314518485,patient
oa_hb_tpm_map,hb_tpm_latent_mse,2,uniform,mean_hidden_hd95_px,candidate_minus_reference,98,0.26788801461133926,-0.016542813430209573,0.5689651833351251,patient
oa_hb_tpm_map,hb_tpm_latent_mse,2,uniform,area_curve_relative_rmse,candidate_minus_reference,98,0.008054429755894096,-0.009732270720156238,0.024068802461680267,patient
oa_hb_tpm_map,hb_tpm_latent_mse,2,uniform,hidden_brier,candidate_minus_reference,98,0.0004513414899761645,-0.00044579643670621073,0.001324744714062891,patient
oa_hb_tpm_map,hb_tpm_latent_mse,3,clustered,mean_hidden_dice,candidate_minus_reference,98,-0.0022753225406508125,-0.00843366428555702,0.004070072429983051,patient
oa_hb_tpm_map,hb_tpm_latent_mse,3,clustered,mean_hidden_hd95_px,candidate_minus_reference,98,0.36562995225570566,-0.002101509802525739,0.7312277516521887,patient
oa_hb_tpm_map,hb_tpm_latent_mse,3,clustered,area_curve_relative_rmse,candidate_minus_reference,98,0.03197244537435086,0.008838057677343416,0.05551055410778117,patient
oa_hb_tpm_map,hb_tpm_latent_mse,3,clustered,hidden_brier,candidate_minus_reference,98,0.0003065592381266926,-0.0007552460376268291,0.001313006503707066,patient
oa_hb_tpm_map,hb_tpm_latent_mse,3,random,mean_hidden_dice,candidate_minus_reference,98,-0.0024264904047187523,-0.007692232572377039,0.002871137650919197,patient
oa_hb_tpm_map,hb_tpm_latent_mse,3,random,mean_hidden_hd95_px,candidate_minus_reference,98,0.35734746634646103,0.051457163923265166,0.6579552198475224,patient
oa_hb_tpm_map,hb_tpm_latent_mse,3,random,area_curve_relative_rmse,candidate_minus_reference,98,0.02749011693206227,0.006955322956253428,0.046873581688440275,patient
oa_hb_tpm_map,hb_tpm_latent_mse,3,random,hidden_brier,candidate_minus_reference,98,0.00038928447139202486,-0.00048114192367968247,0.0012370715986424116,patient
oa_hb_tpm_map,hb_tpm_latent_mse,3,uniform,mean_hidden_dice,candidate_minus_reference,98,-0.0023975417544412456,-0.008255199343578266,0.0037607099319562722,patient
oa_hb_tpm_map,hb_tpm_latent_mse,3,uniform,mean_hidden_hd95_px,candidate_minus_reference,98,0.35758057806620586,0.0194758088060592,0.7017051248563984,patient
oa_hb_tpm_map,hb_tpm_latent_mse,3,uniform,area_curve_relative_rmse,candidate_minus_reference,98,0.029491123875303078,0.007844349128029275,0.05014689169037769,patient
oa_hb_tpm_map,hb_tpm_latent_mse,3,uniform,hidden_brier,candidate_minus_reference,98,0.00042450849004850973,-0.0006137278938323711,0.0013994452968829054,patient
oa_hb_tpm_map,hb_tpm_latent_mse,5,clustered,mean_hidden_dice,candidate_minus_reference,98,-0.004889784453466751,-0.009809313424065744,0.00027010036460148746,patient
oa_hb_tpm_map,hb_tpm_latent_mse,5,clustered,mean_hidden_hd95_px,candidate_minus_reference,98,0.4295237215825308,0.11478725421477934,0.718842074388461,patient
oa_hb_tpm_map,hb_tpm_latent_mse,5,clustered,area_curve_relative_rmse,candidate_minus_reference,98,0.03391104632876215,0.014318426083120618,0.05388732731306736,patient
oa_hb_tpm_map,hb_tpm_latent_mse,5,clustered,hidden_brier,candidate_minus_reference,98,0.0006774600937354302,-0.00019005705293610349,0.001485682476682545,patient
oa_hb_tpm_map,hb_tpm_latent_mse,5,random,mean_hidden_dice,candidate_minus_reference,98,-0.004448496738338521,-0.010090643032840964,0.001302029646821045,patient
oa_hb_tpm_map,hb_tpm_latent_mse,5,random,mean_hidden_hd95_px,candidate_minus_reference,98,0.44574466765775744,0.12348696214285618,0.7769737476386163,patient
oa_hb_tpm_map,hb_tpm_latent_mse,5,random,area_curve_relative_rmse,candidate_minus_reference,98,0.03486711041244805,0.014689518504637046,0.0565188432088639,patient
oa_hb_tpm_map,hb_tpm_latent_mse,5,random,hidden_brier,candidate_minus_reference,98,0.0006859723174450377,-0.0002546580748309415,0.0015893850474124256,patient
oa_hb_tpm_map,hb_tpm_latent_mse,5,uniform,mean_hidden_dice,candidate_minus_reference,98,-0.003752883035744017,-0.010813772181694967,0.003623253330239109,patient
oa_hb_tpm_map,hb_tpm_latent_mse,5,uniform,mean_hidden_hd95_px,candidate_minus_reference,98,0.4492763507848446,0.04276780452570073,0.8598940573082458,patient
oa_hb_tpm_map,hb_tpm_latent_mse,5,uniform,area_curve_relative_rmse,candidate_minus_reference,98,0.03430784681487019,0.010257167932907374,0.058881972563103166,patient
oa_hb_tpm_map,hb_tpm_latent_mse,5,uniform,hidden_brier,candidate_minus_reference,98,0.0004915811159476971,-0.0007135669582010231,0.0016554293389033034,patient
oa_hb_tpm_map,hb_tpm_latent_mse,7,clustered,mean_hidden_dice,candidate_minus_reference,98,-0.007484886467204211,-0.012893715360141998,-0.002111534590297228,patient
oa_hb_tpm_map,hb_tpm_latent_mse,7,clustered,mean_hidden_hd95_px,candidate_minus_reference,98,0.5999988197235551,0.29647710390061965,0.9024520520504102,patient
oa_hb_tpm_map,hb_tpm_latent_mse,7,clustered,area_curve_relative_rmse,candidate_minus_reference,98,0.050153050394712836,0.02838056727962842,0.07149046404448996,patient
oa_hb_tpm_map,hb_tpm_latent_mse,7,clustered,hidden_brier,candidate_minus_reference,98,0.0012490048567403357,0.00028894883784826296,0.0021911132728148776,patient
oa_hb_tpm_map,hb_tpm_latent_mse,7,random,mean_hidden_dice,candidate_minus_reference,98,-0.007670866416274374,-0.014816387771830829,-0.00025662958700653726,patient
oa_hb_tpm_map,hb_tpm_latent_mse,7,random,mean_hidden_hd95_px,candidate_minus_reference,98,0.7088160256720036,0.2728633227839921,1.1401717196857095,patient
oa_hb_tpm_map,hb_tpm_latent_mse,7,random,area_curve_relative_rmse,candidate_minus_reference,98,0.05760388691498868,0.03193422605958925,0.08341697727385947,patient
oa_hb_tpm_map,hb_tpm_latent_mse,7,random,hidden_brier,candidate_minus_reference,98,0.0013977822885677515,0.00015748709444982932,0.0026685762432479858,patient
oa_hb_tpm_map,hb_tpm_latent_mse,7,uniform,mean_hidden_dice,candidate_minus_reference,98,-0.00680174887894739,-0.014873893559819877,0.0017636561666444096,patient
oa_hb_tpm_map,hb_tpm_latent_mse,7,uniform,mean_hidden_hd95_px,candidate_minus_reference,98,0.6928094173429855,0.1828897668768627,1.200141594648153,patient
oa_hb_tpm_map,hb_tpm_latent_mse,7,uniform,area_curve_relative_rmse,candidate_minus_reference,98,0.06099994387752843,0.032588056884914875,0.08896490807238773,patient
oa_hb_tpm_map,hb_tpm_latent_mse,7,uniform,hidden_brier,candidate_minus_reference,98,0.0012711154639112776,-0.00019732090592270292,0.002641921478314141,patient
oa_hb_tpm_map,hb_tpm_latent_mse,10,clustered,mean_hidden_dice,candidate_minus_reference,98,-0.006599836038337274,-0.010663041830850104,-0.0024836087522544575,patient
oa_hb_tpm_map,hb_tpm_latent_mse,10,clustered,mean_hidden_hd95_px,candidate_minus_reference,98,0.5049461799859326,0.2691586142099686,0.7456837794389025,patient
oa_hb_tpm_map,hb_tpm_latent_mse,10,clustered,area_curve_relative_rmse,candidate_minus_reference,98,0.04440826029017123,0.024030808733531073,0.06334259867392152,patient
oa_hb_tpm_map,hb_tpm_latent_mse,10,clustered,hidden_brier,candidate_minus_reference,98,0.0010809422812747738,0.0002878228206738698,0.0018646483597991894,patient
oa_hb_tpm_map,hb_tpm_latent_mse,10,random,mean_hidden_dice,candidate_minus_reference,98,-0.008376318492539713,-0.015392498332526199,-0.001552977218684715,patient
oa_hb_tpm_map,hb_tpm_latent_mse,10,random,mean_hidden_hd95_px,candidate_minus_reference,98,0.668629930052325,0.26781433017218004,1.0812459603662397,patient
oa_hb_tpm_map,hb_tpm_latent_mse,10,random,area_curve_relative_rmse,candidate_minus_reference,98,0.05768100367589242,0.030903648643699128,0.08332114592011762,patient
oa_hb_tpm_map,hb_tpm_latent_mse,10,random,hidden_brier,candidate_minus_reference,98,0.0015730346876139537,0.0003525121863076121,0.0027477226135967196,patient
oa_hb_tpm_map,hb_tpm_latent_mse,10,uniform,mean_hidden_dice,candidate_minus_reference,98,-0.007939660782779138,-0.015279117520155663,-0.0002648889571829522,patient
oa_hb_tpm_map,hb_tpm_latent_mse,10,uniform,mean_hidden_hd95_px,candidate_minus_reference,98,0.6550825724459799,0.21732846670578523,1.108075570486342,patient
oa_hb_tpm_map,hb_tpm_latent_mse,10,uniform,area_curve_relative_rmse,candidate_minus_reference,98,0.059039634366675656,0.03224951677904969,0.08548770893317756,patient
oa_hb_tpm_map,hb_tpm_latent_mse,10,uniform,hidden_brier,candidate_minus_reference,98,0.0014864046183623873,8.826713429345903e-05,0.00276591726008575,patient
oa_hb_tpm_no_phase_alignment,hb_tpm_latent_mse,2,clustered,mean_hidden_dice,candidate_minus_reference,98,-0.0023381822565768564,-0.006738010466761091,0.0022203656074479693,patient
oa_hb_tpm_no_phase_alignment,hb_tpm_latent_mse,2,clustered,mean_hidden_hd95_px,candidate_minus_reference,98,0.17262032113254536,-0.07001303874337819,0.42424298218219414,patient
oa_hb_tpm_no_phase_alignment,hb_tpm_latent_mse,2,clustered,area_curve_relative_rmse,candidate_minus_reference,98,0.0055975572436049855,-0.013070679845002112,0.02210350111239669,patient
oa_hb_tpm_no_phase_alignment,hb_tpm_latent_mse,2,clustered,hidden_brier,candidate_minus_reference,98,3.0002231728668364e-05,-0.0008234178632193625,0.0008070707588209471,patient
oa_hb_tpm_no_phase_alignment,hb_tpm_latent_mse,2,random,mean_hidden_dice,candidate_minus_reference,98,-0.002531452626573148,-0.006907050581690727,0.002053192983031959,patient
oa_hb_tpm_no_phase_alignment,hb_tpm_latent_mse,2,random,mean_hidden_hd95_px,candidate_minus_reference,98,0.18092333911329925,-0.04617770785735291,0.4240137211257343,patient
oa_hb_tpm_no_phase_alignment,hb_tpm_latent_mse,2,random,area_curve_relative_rmse,candidate_minus_reference,98,0.005091969439245408,-0.01304113554015644,0.02064683190057855,patient
oa_hb_tpm_no_phase_alignment,hb_tpm_latent_mse,2,random,hidden_brier,candidate_minus_reference,98,5.471888853578789e-05,-0.0007674423167101911,0.0007857616923331286,patient
oa_hb_tpm_no_phase_alignment,hb_tpm_latent_mse,2,uniform,mean_hidden_dice,candidate_minus_reference,98,-0.0041278678130182754,-0.009070611766205458,0.0008532298514157198,patient
oa_hb_tpm_no_phase_alignment,hb_tpm_latent_mse,2,uniform,mean_hidden_hd95_px,candidate_minus_reference,98,0.2636364353500824,-0.0038768304556478198,0.5623311696031967,patient
oa_hb_tpm_no_phase_alignment,hb_tpm_latent_mse,2,uniform,area_curve_relative_rmse,candidate_minus_reference,98,0.006813630505826169,-0.011133170176731474,0.022551820088383214,patient
oa_hb_tpm_no_phase_alignment,hb_tpm_latent_mse,2,uniform,hidden_brier,candidate_minus_reference,98,0.000404953120314347,-0.000472246963122136,0.0012526275119649167,patient
oa_hb_tpm_no_phase_alignment,hb_tpm_latent_mse,3,clustered,mean_hidden_dice,candidate_minus_reference,98,-0.002227056073107888,-0.008471853889229598,0.004147728509369314,patient
oa_hb_tpm_no_phase_alignment,hb_tpm_latent_mse,3,clustered,mean_hidden_hd95_px,candidate_minus_reference,98,0.36585442122272915,-0.01080388940766464,0.7323542474424323,patient
oa_hb_tpm_no_phase_alignment,hb_tpm_latent_mse,3,clustered,area_curve_relative_rmse,candidate_minus_reference,98,0.032051848406552105,0.008798154374008401,0.055440950797901074,patient
oa_hb_tpm_no_phase_alignment,hb_tpm_latent_mse,3,clustered,hidden_brier,candidate_minus_reference,98,0.0003026417304514629,-0.00079821771248339,0.0013066256623620164,patient
oa_hb_tpm_no_phase_alignment,hb_tpm_latent_mse,3,random,mean_hidden_dice,candidate_minus_reference,98,-0.002368480226875151,-0.007636418880091059,0.0029859896655249608,patient
oa_hb_tpm_no_phase_alignment,hb_tpm_latent_mse,3,random,mean_hidden_hd95_px,candidate_minus_reference,98,0.3545468812959009,0.04891707678841543,0.6586861080968841,patient
oa_hb_tpm_no_phase_alignment,hb_tpm_latent_mse,3,random,area_curve_relative_rmse,candidate_minus_reference,98,0.02732452489193547,0.00787931322784458,0.04706746524418246,patient
oa_hb_tpm_no_phase_alignment,hb_tpm_latent_mse,3,random,hidden_brier,candidate_minus_reference,98,0.0003807795043958703,-0.00045946717433327104,0.0012137432237231763,patient
oa_hb_tpm_no_phase_alignment,hb_tpm_latent_mse,3,uniform,mean_hidden_dice,candidate_minus_reference,98,-0.002301622763146049,-0.00817444856507881,0.003603522467505209,patient
oa_hb_tpm_no_phase_alignment,hb_tpm_latent_mse,3,uniform,mean_hidden_hd95_px,candidate_minus_reference,98,0.3530267719002758,0.0026241107994525175,0.6996385412496455,patient
oa_hb_tpm_no_phase_alignment,hb_tpm_latent_mse,3,uniform,area_curve_relative_rmse,candidate_minus_reference,98,0.02987632104988246,0.00846253274441022,0.051425855679178456,patient
oa_hb_tpm_no_phase_alignment,hb_tpm_latent_mse,3,uniform,hidden_brier,candidate_minus_reference,98,0.00042665539765540477,-0.0006016163115047534,0.001341131700164811,patient
oa_hb_tpm_no_phase_alignment,hb_tpm_latent_mse,5,clustered,mean_hidden_dice,candidate_minus_reference,98,-0.004897627527175606,-0.00984963609794477,0.0002998873007559295,patient
oa_hb_tpm_no_phase_alignment,hb_tpm_latent_mse,5,clustered,mean_hidden_hd95_px,candidate_minus_reference,98,0.42987872399992916,0.1389028719028596,0.7392222635603575,patient
oa_hb_tpm_no_phase_alignment,hb_tpm_latent_mse,5,clustered,area_curve_relative_rmse,candidate_minus_reference,98,0.03385897393109887,0.013598857694272786,0.05354291519509449,patient
oa_hb_tpm_no_phase_alignment,hb_tpm_latent_mse,5,clustered,hidden_brier,candidate_minus_reference,98,0.0006788610347679653,-0.0002286355923481144,0.001507165044954765,patient
oa_hb_tpm_no_phase_alignment,hb_tpm_latent_mse,5,random,mean_hidden_dice,candidate_minus_reference,98,-0.0044536625780423385,-0.010222777944170525,0.001324282386275871,patient
oa_hb_tpm_no_phase_alignment,hb_tpm_latent_mse,5,random,mean_hidden_hd95_px,candidate_minus_reference,98,0.4457420648422665,0.11786408239794274,0.78012140530283,patient
oa_hb_tpm_no_phase_alignment,hb_tpm_latent_mse,5,random,area_curve_relative_rmse,candidate_minus_reference,98,0.034649905132714084,0.012937372416191596,0.057043496246646716,patient
oa_hb_tpm_no_phase_alignment,hb_tpm_latent_mse,5,random,hidden_brier,candidate_minus_reference,98,0.0006823786515362418,-0.00024903688180659536,0.0015780870032933885,patient
oa_hb_tpm_no_phase_alignment,hb_tpm_latent_mse,5,uniform,mean_hidden_dice,candidate_minus_reference,98,-0.0037605492837063923,-0.010923704421200634,0.003602091214258856,patient
oa_hb_tpm_no_phase_alignment,hb_tpm_latent_mse,5,uniform,mean_hidden_hd95_px,candidate_minus_reference,98,0.4497642319411017,0.034270267323063944,0.8720189594856674,patient
oa_hb_tpm_no_phase_alignment,hb_tpm_latent_mse,5,uniform,area_curve_relative_rmse,candidate_minus_reference,98,0.03418657022402774,0.010783125413068922,0.05781101937262476,patient
oa_hb_tpm_no_phase_alignment,hb_tpm_latent_mse,5,uniform,hidden_brier,candidate_minus_reference,98,0.0004904713785770066,-0.0007094288570331142,0.0016439270434844102,patient
oa_hb_tpm_no_phase_alignment,hb_tpm_latent_mse,7,clustered,mean_hidden_dice,candidate_minus_reference,98,-0.00748163139596813,-0.012674009845765345,-0.0020537159126413746,patient
oa_hb_tpm_no_phase_alignment,hb_tpm_latent_mse,7,clustered,mean_hidden_hd95_px,candidate_minus_reference,98,0.6001505027917062,0.29523467518913205,0.9059613763677098,patient
oa_hb_tpm_no_phase_alignment,hb_tpm_latent_mse,7,clustered,area_curve_relative_rmse,candidate_minus_reference,98,0.05017163058825565,0.027845087618985,0.07201352396931039,patient
oa_hb_tpm_no_phase_alignment,hb_tpm_latent_mse,7,clustered,hidden_brier,candidate_minus_reference,98,0.0012498474451808292,0.00030338352987998885,0.0021767775342343564,patient
oa_hb_tpm_no_phase_alignment,hb_tpm_latent_mse,7,random,mean_hidden_dice,candidate_minus_reference,98,-0.007665601196892525,-0.014703337238444832,-5.7200103217508455e-05,patient
oa_hb_tpm_no_phase_alignment,hb_tpm_latent_mse,7,random,mean_hidden_hd95_px,candidate_minus_reference,98,0.7085290883596698,0.2814944038609171,1.14564221099338,patient
oa_hb_tpm_no_phase_alignment,hb_tpm_latent_mse,7,random,area_curve_relative_rmse,candidate_minus_reference,98,0.057581182582754506,0.031235656613428704,0.08335744875472441,patient
oa_hb_tpm_no_phase_alignment,hb_tpm_latent_mse,7,random,hidden_brier,candidate_minus_reference,98,0.0013972691868488867,9.423117295895744e-05,0.002622046456054535,patient
oa_hb_tpm_no_phase_alignment,hb_tpm_latent_mse,7,uniform,mean_hidden_dice,candidate_minus_reference,98,-0.006800864651174125,-0.015339360016067614,0.0013716159578846658,patient
oa_hb_tpm_no_phase_alignment,hb_tpm_latent_mse,7,uniform,mean_hidden_hd95_px,candidate_minus_reference,98,0.6928105407118366,0.19806932285623396,1.177897181215257,patient
oa_hb_tpm_no_phase_alignment,hb_tpm_latent_mse,7,uniform,area_curve_relative_rmse,candidate_minus_reference,98,0.06097189239820409,0.032044700325827985,0.0892678629897752,patient
oa_hb_tpm_no_phase_alignment,hb_tpm_latent_mse,7,uniform,hidden_brier,candidate_minus_reference,98,0.0012704014816150352,-0.0002228758594838577,0.002710645632552241,patient
oa_hb_tpm_no_phase_alignment,hb_tpm_latent_mse,10,clustered,mean_hidden_dice,candidate_minus_reference,98,-0.006601118768778987,-0.010805514579984424,-0.0023413111158684754,patient
oa_hb_tpm_no_phase_alignment,hb_tpm_latent_mse,10,clustered,mean_hidden_hd95_px,candidate_minus_reference,98,0.5048963071253093,0.2631079949941181,0.7496340161857159,patient
oa_hb_tpm_no_phase_alignment,hb_tpm_latent_mse,10,clustered,area_curve_relative_rmse,candidate_minus_reference,98,0.04442576539723829,0.02483253202987104,0.06291485709874464,patient
oa_hb_tpm_no_phase_alignment,hb_tpm_latent_mse,10,clustered,hidden_brier,candidate_minus_reference,98,0.0010817175312918094,0.00026163963102070794,0.0018556213746208513,patient
oa_hb_tpm_no_phase_alignment,hb_tpm_latent_mse,10,random,mean_hidden_dice,candidate_minus_reference,98,-0.008375493358140952,-0.015069313798430647,-0.0014561544950249037,patient
oa_hb_tpm_no_phase_alignment,hb_tpm_latent_mse,10,random,mean_hidden_hd95_px,candidate_minus_reference,98,0.6681127067468391,0.26735361752307013,1.072399587356777,patient
oa_hb_tpm_no_phase_alignment,hb_tpm_latent_mse,10,random,area_curve_relative_rmse,candidate_minus_reference,98,0.05767096808175486,0.03214726848615003,0.0831091411792762,patient
oa_hb_tpm_no_phase_alignment,hb_tpm_latent_mse,10,random,hidden_brier,candidate_minus_reference,98,0.0015726330861145137,0.00039259852219030827,0.0027722154549627114,patient
oa_hb_tpm_no_phase_alignment,hb_tpm_latent_mse,10,uniform,mean_hidden_dice,candidate_minus_reference,98,-0.007940911139151855,-0.01500935289175592,-0.0003398783422572272,patient
oa_hb_tpm_no_phase_alignment,hb_tpm_latent_mse,10,uniform,mean_hidden_hd95_px,candidate_minus_reference,98,0.6543869501972556,0.20721667158796658,1.0949860802816564,patient
oa_hb_tpm_no_phase_alignment,hb_tpm_latent_mse,10,uniform,area_curve_relative_rmse,candidate_minus_reference,98,0.059028662040508294,0.03138379745318876,0.08663248699800974,patient
oa_hb_tpm_no_phase_alignment,hb_tpm_latent_mse,10,uniform,hidden_brier,candidate_minus_reference,98,0.0014859949409657637,0.00012269772717501384,0.002783196668226121,patient
source_mean,hb_tpm_latent_mse,2,clustered,mean_hidden_dice,candidate_minus_reference,98,-0.002073364539205018,-0.007268843030403071,0.003629880421764868,patient
source_mean,hb_tpm_latent_mse,2,clustered,mean_hidden_hd95_px,candidate_minus_reference,98,0.12409232380805461,-0.13449852757745456,0.3985985022391492,patient
source_mean,hb_tpm_latent_mse,2,clustered,area_curve_relative_rmse,candidate_minus_reference,98,-0.0041283542712810825,-0.023169898066871506,0.012037384385372378,patient
source_mean,hb_tpm_latent_mse,2,clustered,hidden_brier,candidate_minus_reference,98,-0.0005229053391637811,-0.0014939806686372129,0.00033099374486780054,patient
source_mean,hb_tpm_latent_mse,2,random,mean_hidden_dice,candidate_minus_reference,98,-0.002530393806224962,-0.0078444817126698,0.002950210505985044,patient
source_mean,hb_tpm_latent_mse,2,random,mean_hidden_hd95_px,candidate_minus_reference,98,0.16291265568236984,-0.09233868944077096,0.4212700509593829,patient
source_mean,hb_tpm_latent_mse,2,random,area_curve_relative_rmse,candidate_minus_reference,98,0.00066865990281823,-0.01706650845251443,0.01634516826883823,patient
source_mean,hb_tpm_latent_mse,2,random,hidden_brier,candidate_minus_reference,98,-0.00039408829975493524,-0.0013347640649263547,0.00041247581640181696,patient
source_mean,hb_tpm_latent_mse,2,uniform,mean_hidden_dice,candidate_minus_reference,98,-0.004613069422384862,-0.010595132901252448,0.0012538378461598963,patient
source_mean,hb_tpm_latent_mse,2,uniform,mean_hidden_hd95_px,candidate_minus_reference,98,0.3097067909656731,0.015368048277190285,0.618572322728746,patient
source_mean,hb_tpm_latent_mse,2,uniform,area_curve_relative_rmse,candidate_minus_reference,98,0.017946227285386755,-0.00011546448439512222,0.035041058434110636,patient
source_mean,hb_tpm_latent_mse,2,uniform,hidden_brier,candidate_minus_reference,98,0.00023787727161330522,-0.0006928145559979712,0.0010727947242843176,patient
source_mean,hb_tpm_latent_mse,3,clustered,mean_hidden_dice,candidate_minus_reference,98,-0.0016232698728272116,-0.008178276808657573,0.004951901541108667,patient
source_mean,hb_tpm_latent_mse,3,clustered,mean_hidden_hd95_px,candidate_minus_reference,98,0.26157687505321126,-0.12627501177676767,0.6375182707766865,patient
source_mean,hb_tpm_latent_mse,3,clustered,area_curve_relative_rmse,candidate_minus_reference,98,0.01903056611109811,-0.00475711121574388,0.04363417663088716,patient
source_mean,hb_tpm_latent_mse,3,clustered,hidden_brier,candidate_minus_reference,98,-0.00033806605948781754,-0.0014705532248968278,0.0006978273845980927,patient
source_mean,hb_tpm_latent_mse,3,random,mean_hidden_dice,candidate_minus_reference,98,-0.0018680026513542259,-0.007133780717446395,0.003933808154917383,patient
source_mean,hb_tpm_latent_mse,3,random,mean_hidden_hd95_px,candidate_minus_reference,98,0.27550940126394136,-0.05247974763776935,0.6022224702419835,patient
source_mean,hb_tpm_latent_mse,3,random,area_curve_relative_rmse,candidate_minus_reference,98,0.020319829875158932,-0.00014260256963476685,0.04234064813528552,patient
source_mean,hb_tpm_latent_mse,3,random,hidden_brier,candidate_minus_reference,98,-0.0001703072814460906,-0.0010784695524608278,0.0006864703836261642,patient
source_mean,hb_tpm_latent_mse,3,uniform,mean_hidden_dice,candidate_minus_reference,98,-0.0020043392048782233,-0.007917795690041703,0.0045650161452550075,patient
source_mean,hb_tpm_latent_mse,3,uniform,mean_hidden_hd95_px,candidate_minus_reference,98,0.2928538323153258,-0.06794726586779551,0.639704439470445,patient
source_mean,hb_tpm_latent_mse,3,uniform,area_curve_relative_rmse,candidate_minus_reference,98,0.02243844126895817,-0.0005887171776122125,0.04668623286066075,patient
source_mean,hb_tpm_latent_mse,3,uniform,hidden_brier,candidate_minus_reference,98,-0.00011412308038192912,-0.0011838595024119929,0.0008093146904257656,patient
source_mean,hb_tpm_latent_mse,5,clustered,mean_hidden_dice,candidate_minus_reference,98,-0.0034712004650291938,-0.009055035531534765,0.0022866761838750064,patient
source_mean,hb_tpm_latent_mse,5,clustered,mean_hidden_hd95_px,candidate_minus_reference,98,0.29010943923840854,-0.032240819347773425,0.6203758170175145,patient
source_mean,hb_tpm_latent_mse,5,clustered,area_curve_relative_rmse,candidate_minus_reference,98,0.018265470837113596,-0.001904623345219956,0.0388529189813052,patient
source_mean,hb_tpm_latent_mse,5,clustered,hidden_brier,candidate_minus_reference,98,-0.0001042614728972651,-0.0010539041941377294,0.0007566296611437333,patient
source_mean,hb_tpm_latent_mse,5,random,mean_hidden_dice,candidate_minus_reference,98,-0.002688729736431573,-0.00891871545170714,0.003552973043253948,patient
source_mean,hb_tpm_latent_mse,5,random,mean_hidden_hd95_px,candidate_minus_reference,98,0.2960639394263562,-0.05172701765081298,0.6516728248173916,patient
source_mean,hb_tpm_latent_mse,5,random,area_curve_relative_rmse,candidate_minus_reference,98,0.019848505184397538,-0.0021584482915993613,0.0428862317568716,patient
source_mean,hb_tpm_latent_mse,5,random,hidden_brier,candidate_minus_reference,98,-0.0001360556471864776,-0.0010952684719457582,0.0007823662540628271,patient
source_mean,hb_tpm_latent_mse,5,uniform,mean_hidden_dice,candidate_minus_reference,98,-0.002684767805886545,-0.010209971651244345,0.00516619549289928,patient
source_mean,hb_tpm_latent_mse,5,uniform,mean_hidden_hd95_px,candidate_minus_reference,98,0.33263540482231757,-0.13613317672772277,0.7852457861810243,patient
source_mean,hb_tpm_latent_mse,5,uniform,area_curve_relative_rmse,candidate_minus_reference,98,0.02482374009968669,-0.0008393877862812933,0.05180927100428195,patient
source_mean,hb_tpm_latent_mse,5,uniform,hidden_brier,candidate_minus_reference,98,-0.0001632193179458984,-0.001414253693359083,0.0010354011958674085,patient
source_mean,hb_tpm_latent_mse,7,clustered,mean_hidden_dice,candidate_minus_reference,98,-0.005462162571990133,-0.011313910285418645,0.0006268173705274989,patient
source_mean,hb_tpm_latent_mse,7,clustered,mean_hidden_hd95_px,candidate_minus_reference,98,0.47885291717486284,0.1540105304114319,0.8173227940470529,patient
source_mean,hb_tpm_latent_mse,7,clustered,area_curve_relative_rmse,candidate_minus_reference,98,0.03655570071206757,0.014527407378504286,0.05938669712122049,patient
source_mean,hb_tpm_latent_mse,7,clustered,hidden_brier,candidate_minus_reference,98,0.0004541734518597321,-0.0005404726003904848,0.001353986429820327,patient
source_mean,hb_tpm_latent_mse,7,random,mean_hidden_dice,candidate_minus_reference,98,-0.005471552742525706,-0.013166831659816866,0.0022851160891716365,patient
source_mean,hb_tpm_latent_mse,7,random,mean_hidden_hd95_px,candidate_minus_reference,98,0.561324258260253,0.12461474616338764,1.0194760300388461,patient
source_mean,hb_tpm_latent_mse,7,random,area_curve_relative_rmse,candidate_minus_reference,98,0.04493378862638664,0.016959531761540397,0.0737131389518662,patient
source_mean,hb_tpm_latent_mse,7,random,hidden_brier,candidate_minus_reference,98,0.0005505008527971058,-0.0007518979497919088,0.0018079379606725902,patient
source_mean,hb_tpm_latent_mse,7,uniform,mean_hidden_dice,candidate_minus_reference,98,-0.004794228571289652,-0.013508124274237669,0.004029109976256602,patient
source_mean,hb_tpm_latent_mse,7,uniform,mean_hidden_hd95_px,candidate_minus_reference,98,0.5489170810826522,0.029817713090609634,1.0799078065060157,patient
source_mean,hb_tpm_latent_mse,7,uniform,area_curve_relative_rmse,candidate_minus_reference,98,0.048355550198263056,0.01868159437035197,0.07912598245858464,patient
source_mean,hb_tpm_latent_mse,7,uniform,hidden_brier,candidate_minus_reference,98,0.00043563628379180726,-0.0011145206241944304,0.0019390365020942382,patient
source_mean,hb_tpm_latent_mse,10,clustered,mean_hidden_dice,candidate_minus_reference,98,-0.004568328621055211,-0.009091252192308556,0.0002777036416010567,patient
source_mean,hb_tpm_latent_mse,10,clustered,mean_hidden_hd95_px,candidate_minus_reference,98,0.4076670512064112,0.15460135255482096,0.6688176978534551,patient
source_mean,hb_tpm_latent_mse,10,clustered,area_curve_relative_rmse,candidate_minus_reference,98,0.03038014331325725,0.010127473983339819,0.05090966229221982,patient
source_mean,hb_tpm_latent_mse,10,clustered,hidden_brier,candidate_minus_reference,98,0.000387211014725726,-0.000469495343015886,0.0011553554970067817,patient
source_mean,hb_tpm_latent_mse,10,random,mean_hidden_dice,candidate_minus_reference,98,-0.005998105936631586,-0.013488291752527581,0.0014868392742246335,patient
source_mean,hb_tpm_latent_mse,10,random,mean_hidden_hd95_px,candidate_minus_reference,98,0.5326121141507059,0.09894479666942545,0.9911426523751828,patient
source_mean,hb_tpm_latent_mse,10,random,area_curve_relative_rmse,candidate_minus_reference,98,0.045570561681529724,0.017804890753577156,0.07376025020930603,patient
source_mean,hb_tpm_latent_mse,10,random,hidden_brier,candidate_minus_reference,98,0.0007409438376828143,-0.0005165862731578497,0.002001898050051639,patient
source_mean,hb_tpm_latent_mse,10,uniform,mean_hidden_dice,candidate_minus_reference,98,-0.005742487145896209,-0.014183961532023176,0.0024277007274459083,patient
source_mean,hb_tpm_latent_mse,10,uniform,mean_hidden_hd95_px,candidate_minus_reference,98,0.5146122948225856,0.039231492723367574,0.9774000504797195,patient
source_mean,hb_tpm_latent_mse,10,uniform,area_curve_relative_rmse,candidate_minus_reference,98,0.04696715053876541,0.018630170285129807,0.07642610330818249,patient
source_mean,hb_tpm_latent_mse,10,uniform,hidden_brier,candidate_minus_reference,98,0.0006590134806322879,-0.0007995850147622354,0.002001607965449907,patient
target_only,hb_tpm_latent_mse,2,clustered,mean_hidden_dice,candidate_minus_reference,98,-0.004027610660369304,-0.00833072974281106,0.0005196143355996008,patient
target_only,hb_tpm_latent_mse,2,clustered,mean_hidden_hd95_px,candidate_minus_reference,98,0.21143075061824013,-0.026627162216477554,0.470569841898737,patient
target_only,hb_tpm_latent_mse,2,clustered,area_curve_relative_rmse,candidate_minus_reference,98,0.009545145874786344,-0.00961354083642688,0.026077916730712337,patient
target_only,hb_tpm_latent_mse,2,clustered,hidden_brier,candidate_minus_reference,98,0.00015000716345955168,-0.0007159475966033552,0.0009215020806034437,patient
target_only,hb_tpm_latent_mse,2,random,mean_hidden_dice,candidate_minus_reference,98,-0.004397759831060168,-0.008927578045672105,8.867764926209749e-05,patient
target_only,hb_tpm_latent_mse,2,random,mean_hidden_hd95_px,candidate_minus_reference,98,0.24887406043679322,0.017340593208196534,0.5012957086090037,patient
target_only,hb_tpm_latent_mse,2,random,area_curve_relative_rmse,candidate_minus_reference,98,0.014267465625505849,-0.004374086208108286,0.03001810334466797,patient
target_only,hb_tpm_latent_mse,2,random,hidden_brier,candidate_minus_reference,98,0.0002956561116995801,-0.0005304199500883762,0.0010314189239252973,patient
target_only,hb_tpm_latent_mse,2,uniform,mean_hidden_dice,candidate_minus_reference,98,-0.006210130665576962,-0.011422064384458672,-0.0012305738887767822,patient
target_only,hb_tpm_latent_mse,2,uniform,mean_hidden_hd95_px,candidate_minus_reference,98,0.3893860260222397,0.11668573623719342,0.6774389239886326,patient
target_only,hb_tpm_latent_mse,2,uniform,area_curve_relative_rmse,candidate_minus_reference,98,0.02856072203321179,0.010720482268952647,0.04535055770211862,patient
target_only,hb_tpm_latent_mse,2,uniform,hidden_brier,candidate_minus_reference,98,0.0009234759158321787,2.332145077347326e-05,0.001744928995945623,patient
target_only,hb_tpm_latent_mse,3,clustered,mean_hidden_dice,candidate_minus_reference,98,-0.004156271669615173,-0.010568927968924793,0.002688922508996774,patient
target_only,hb_tpm_latent_mse,3,clustered,mean_hidden_hd95_px,candidate_minus_reference,98,0.41182716499772104,0.04386857761423981,0.7816049738164648,patient
target_only,hb_tpm_latent_mse,3,clustered,area_curve_relative_rmse,candidate_minus_reference,98,0.03351247047359498,0.010709534596927556,0.057940631836917215,patient
target_only,hb_tpm_latent_mse,3,clustered,hidden_brier,candidate_minus_reference,98,0.00036282630979406525,-0.0007902439233694921,0.0014146454869389349,patient
target_only,hb_tpm_latent_mse,3,random,mean_hidden_dice,candidate_minus_reference,98,-0.004545605975531485,-0.010117137790329031,0.0010915689228084286,patient
target_only,hb_tpm_latent_mse,3,random,mean_hidden_hd95_px,candidate_minus_reference,98,0.44245461955379833,0.1347415678260745,0.7542741571641953,patient
target_only,hb_tpm_latent_mse,3,random,area_curve_relative_rmse,candidate_minus_reference,98,0.0365664636066098,0.01655686741420348,0.057674261841095004,patient
target_only,hb_tpm_latent_mse,3,random,hidden_brier,candidate_minus_reference,98,0.0006302369910539426,-0.00028648516723924075,0.0014982523524430503,patient
target_only,hb_tpm_latent_mse,3,uniform,mean_hidden_dice,candidate_minus_reference,98,-0.0043796888519250215,-0.010597743655143682,0.0019207306757559985,patient
target_only,hb_tpm_latent_mse,3,uniform,mean_hidden_hd95_px,candidate_minus_reference,98,0.451909845989185,0.09235614221531599,0.8011600900213608,patient
target_only,hb_tpm_latent_mse,3,uniform,area_curve_relative_rmse,candidate_minus_reference,98,0.039477519716024076,0.01715190583994044,0.06249339304468648,patient
target_only,hb_tpm_latent_mse,3,uniform,hidden_brier,candidate_minus_reference,98,0.0006840275885651351,-0.0003617843893375496,0.0016632184999215822,patient
target_only,hb_tpm_latent_mse,5,clustered,mean_hidden_dice,candidate_minus_reference,98,-0.005817313972300234,-0.01089330771905374,-0.0003368914260290634,patient
target_only,hb_tpm_latent_mse,5,clustered,mean_hidden_hd95_px,candidate_minus_reference,98,0.45312489760107444,0.1387506957910856,0.7733832365513019,patient
target_only,hb_tpm_latent_mse,5,clustered,area_curve_relative_rmse,candidate_minus_reference,98,0.03542480315439525,0.014465813599267335,0.05713521669858205,patient
target_only,hb_tpm_latent_mse,5,clustered,hidden_brier,candidate_minus_reference,98,0.0006365395569223496,-0.00030046260782650976,0.0014689231870638885,patient
target_only,hb_tpm_latent_mse,5,random,mean_hidden_dice,candidate_minus_reference,98,-0.005097071743489317,-0.011085683377001583,0.0008299423296213273,patient
target_only,hb_tpm_latent_mse,5,random,mean_hidden_hd95_px,candidate_minus_reference,98,0.4734990148257069,0.11851180907825071,0.8342067823574784,patient
target_only,hb_tpm_latent_mse,5,random,area_curve_relative_rmse,candidate_minus_reference,98,0.037514747762120985,0.015805432832273234,0.0592558600650337,patient
target_only,hb_tpm_latent_mse,5,random,hidden_brier,candidate_minus_reference,98,0.000670460100304715,-0.00033310864909495073,0.0016093846667576946,patient
target_only,hb_tpm_latent_mse,5,uniform,mean_hidden_dice,candidate_minus_reference,98,-0.005026579154189955,-0.01227255023301314,0.0029079772547901625,patient
target_only,hb_tpm_latent_mse,5,uniform,mean_hidden_hd95_px,candidate_minus_reference,98,0.49787545101089675,0.07736878662446645,0.9338233293080827,patient
target_only,hb_tpm_latent_mse,5,uniform,area_curve_relative_rmse,candidate_minus_reference,98,0.03819739461618869,0.014370994374455777,0.06397978815263136,patient
target_only,hb_tpm_latent_mse,5,uniform,hidden_brier,candidate_minus_reference,98,0.0005421087963088507,-0.0007510695867810616,0.0017123715785731179,patient
target_only,hb_tpm_latent_mse,7,clustered,mean_hidden_dice,candidate_minus_reference,98,-0.008290605920334563,-0.014203507872214251,-0.002396081144949559,patient
target_only,hb_tpm_latent_mse,7,clustered,mean_hidden_hd95_px,candidate_minus_reference,98,0.6008257096319984,0.29309502489267125,0.9221381276580214,patient
target_only,hb_tpm_latent_mse,7,clustered,area_curve_relative_rmse,candidate_minus_reference,98,0.055385819714909454,0.032969255276262446,0.07768340404889384,patient
target_only,hb_tpm_latent_mse,7,clustered,hidden_brier,candidate_minus_reference,98,0.0010236622594601004,8.445112509839484e-06,0.002020136938401856,patient
target_only,hb_tpm_latent_mse,7,random,mean_hidden_dice,candidate_minus_reference,98,-0.008679702409019852,-0.016426106862003492,-0.0008411719280403662,patient
target_only,hb_tpm_latent_mse,7,random,mean_hidden_hd95_px,candidate_minus_reference,98,0.7234325740454806,0.259155873152163,1.1635856870659964,patient
target_only,hb_tpm_latent_mse,7,random,area_curve_relative_rmse,candidate_minus_reference,98,0.06196794785303838,0.03432060210505651,0.0887336805316857,patient
target_only,hb_tpm_latent_mse,7,random,hidden_brier,candidate_minus_reference,98,0.0012360935460548007,-9.682878813877378e-05,0.0025052258827514477,patient
target_only,hb_tpm_latent_mse,7,uniform,mean_hidden_dice,candidate_minus_reference,98,-0.007766057476825682,-0.016210291061793117,0.0012247771204235377,patient
target_only,hb_tpm_latent_mse,7,uniform,mean_hidden_hd95_px,candidate_minus_reference,98,0.7067695060204524,0.18203039734300955,1.2251303598942247,patient
target_only,hb_tpm_latent_mse,7,uniform,area_curve_relative_rmse,candidate_minus_reference,98,0.0653420452070134,0.03517980712904172,0.09505184055157871,patient
target_only,hb_tpm_latent_mse,7,uniform,hidden_brier,candidate_minus_reference,98,0.0011077411757896153,-0.000418975872310752,0.0025991685218082713,patient
target_only,hb_tpm_latent_mse,10,clustered,mean_hidden_dice,candidate_minus_reference,98,-0.007915406733483777,-0.012492378860938565,-0.0031918194865199925,patient
target_only,hb_tpm_latent_mse,10,clustered,mean_hidden_hd95_px,candidate_minus_reference,98,0.5343398175131999,0.28243807399160276,0.7964136477345471,patient
target_only,hb_tpm_latent_mse,10,clustered,area_curve_relative_rmse,candidate_minus_reference,98,0.04843823106127561,0.028442604648930288,0.06750921549217448,patient
target_only,hb_tpm_latent_mse,10,clustered,hidden_brier,candidate_minus_reference,98,0.000846709288200554,-3.4985156416208624e-05,0.00168683720581538,patient
target_only,hb_tpm_latent_mse,10,random,mean_hidden_dice,candidate_minus_reference,98,-0.009245653664083793,-0.0165543324051593,-0.0018753932639224602,patient
target_only,hb_tpm_latent_mse,10,random,mean_hidden_hd95_px,candidate_minus_reference,98,0.7017836200883456,0.27248403124199555,1.1427856172099642,patient
target_only,hb_tpm_latent_mse,10,random,area_curve_relative_rmse,candidate_minus_reference,98,0.06435700219597036,0.0384504498794284,0.0913769397947809,patient
target_only,hb_tpm_latent_mse,10,random,hidden_brier,candidate_minus_reference,98,0.0014344350567885803,0.00016089387746451742,0.0026469921019897607,patient
target_only,hb_tpm_latent_mse,10,uniform,mean_hidden_dice,candidate_minus_reference,98,-0.008780920236081735,-0.016753201569954804,-0.0005927092124059045,patient
target_only,hb_tpm_latent_mse,10,uniform,mean_hidden_hd95_px,candidate_minus_reference,98,0.6864656126870021,0.21461391082285322,1.1641384653169362,patient
target_only,hb_tpm_latent_mse,10,uniform,area_curve_relative_rmse,candidate_minus_reference,98,0.06575097831070639,0.03796957597247129,0.09562140836292408,patient
target_only,hb_tpm_latent_mse,10,uniform,hidden_brier,candidate_minus_reference,98,0.0013462299937192315,-0.0001298388378333524,0.002739519902210383,patient
