record_id,method_id,seed,n_photons,success,failure_reason,runtime_s,truth_d_start_um2_s,truth_d_end_um2_s,estimate_d_start_um2_s,estimate_d_end_um2_s,log_endpoint_squared_error,curve_relative_rmse,endpoint_coverage,prior_used,simulation_truth_used_by_estimator
target_000,target_only_event_qmle,746972847,536,True,,0.2713298100279644,42.0540433401536,126.23706022170639,30.77914601480508,180.63007964936523,0.11289459391315636,0.20655036286663211,1.0,False,False
target_000,oa_hb_tpm_map,746972847,536,True,,0.20559651602525264,42.0540433401536,126.23706022170639,48.68420151848354,107.04769795710787,0.024310210011349885,0.08991790556144065,1.0,True,False
target_001,target_only_event_qmle,201108452,477,True,,0.22835273202508688,78.08057071391843,188.41403941382404,121.15193378253791,37.596052215386116,1.3953515431410608,0.5097412048226078,0.5,False,False
target_001,oa_hb_tpm_map,201108452,477,True,,0.2081269039772451,78.08057071391843,188.41403941382404,75.9598366024963,70.85164393330517,0.47867365937176964,0.4097118657414904,0.5,True,False
target_002,target_only_event_qmle,306353293,465,False,d_search_boundary,0.20358211093116552,49.573087764345985,89.50079922941761,10.000000000000002,83.29903337469656,1.2839595672020288,0.5625458507701344,0.5,False,False
target_002,oa_hb_tpm_map,306353293,465,True,,0.20527948904782534,49.573087764345985,89.50079922941761,23.320916413481854,73.36678531692644,0.3040874732243665,0.38444568391164774,0.5,True,False
target_003,target_only_event_qmle,1135358713,413,True,,0.18800817895680666,47.81471428657921,72.79063166033899,34.49372758363995,109.79299593009968,0.1377837807600855,0.2370366128775635,1.0,False,False
target_003,oa_hb_tpm_map,1135358713,413,True,,0.16934271506033838,47.81471428657921,72.79063166033899,47.82979733335769,90.05309114997239,0.02264455259405844,0.1335760228899542,1.0,True,False
target_004,target_only_event_qmle,1810383730,545,True,,0.25373573403339833,50.26422668857344,146.60841879758846,23.964003939684886,135.25768090546202,0.2775952850179303,0.3492149872002196,1.0,False,False
target_004,oa_hb_tpm_map,1810383730,545,True,,0.23077798692975193,50.26422668857344,146.60841879758846,41.453488639671214,90.09658941748218,0.13709828528715245,0.291923508516307,1.0,True,False
target_005,target_only_event_qmle,800074889,599,True,,0.27086596901062876,30.207538962855782,47.620569643109945,41.7207842741564,16.959428422017883,0.5851018363463341,0.3808800704306663,0.5,False,False
target_005,oa_hb_tpm_map,800074889,599,True,,0.2235449489671737,30.207538962855782,47.620569643109945,38.15387445390259,43.34854837400103,0.031686690218376244,0.12807144301142628,1.0,True,False
target_006,target_only_event_qmle,434632259,437,True,,0.21343348396476358,42.97187045988111,106.27447395731814,89.22608236134835,112.36551456873777,0.2684614242695354,0.589179004473502,1.0,False,False
target_006,oa_hb_tpm_map,434632259,437,True,,0.19536642904859036,42.97187045988111,106.27447395731814,76.48939234231513,99.43552565343478,0.1684496046708878,0.3970411673447627,0.5,True,False
target_007,target_only_event_qmle,1257882643,476,True,,0.30783626704942435,35.43047431595711,67.38213137340814,89.1967004024594,66.83720761388278,0.42624832125523915,0.7752370482077914,0.5,False,False
target_007,oa_hb_tpm_map,1257882643,476,True,,0.22924160491675138,35.43047431595711,67.38213137340814,71.70032673338837,83.1442673676384,0.2705496882618514,0.6388692009116697,0.5,True,False
target_008,target_only_event_qmle,2142561698,474,True,,0.2693594819866121,44.003926847275146,74.93849309227791,30.487215566038522,44.477460182001494,0.20341171082715406,0.3592556977471096,1.0,False,False
target_008,oa_hb_tpm_map,2142561698,474,True,,0.18773252004757524,44.003926847275146,74.93849309227791,39.547449266519116,65.9579765713701,0.01384798021835671,0.11071971151835928,1.0,True,False
target_009,target_only_event_qmle,219472577,478,True,,0.26979453198146075,50.80440524665493,96.28202546512729,20.193686136282395,78.16053704572013,0.4473470698339262,0.43643138603101106,1.0,False,False
target_009,oa_hb_tpm_map,219472577,478,True,,0.1871774479513988,50.80440524665493,96.28202546512729,52.97907507162828,76.16084542228981,0.028358077339969968,0.11499466653292076,1.0,True,False
target_010,target_only_event_qmle,1327325578,517,True,,0.22071424091700464,47.013353354396784,104.58639866571427,52.00245847299848,67.7809138479761,0.0991483993383817,0.19508049610757539,1.0,False,False
target_010,oa_hb_tpm_map,1327325578,517,True,,0.19982818700373173,47.013353354396784,104.58639866571427,54.62619887279067,77.63719077294105,0.055654439727623906,0.13708502312096382,1.0,True,False
target_011,target_only_event_qmle,538075384,502,True,,0.21687684708740562,42.19631299093301,103.98900253448429,25.513400543261696,59.139193809625624,0.28583815695560166,0.41364284361678283,1.0,False,False
target_011,oa_hb_tpm_map,538075384,502,True,,0.19507777807302773,42.19631299093301,103.98900253448429,45.72133343369828,67.50645851840711,0.09655733078234255,0.19728950736619685,1.0,True,False
target_012,target_only_event_qmle,299790217,451,True,,0.24200094502884895,40.16062387488256,86.4982995505401,65.11406365361731,90.67945896217468,0.11788120367116675,0.35533754085424196,1.0,False,False
target_012,oa_hb_tpm_map,299790217,451,True,,0.1608184219803661,40.16062387488256,86.4982995505401,64.49118405543453,89.2951142078061,0.11267446667068642,0.34129794104849615,1.0,True,False
target_013,target_only_event_qmle,181699541,506,True,,0.21755554305855185,46.26360721424873,90.9308688542273,29.15828811376116,48.462661762988056,0.3045578192430028,0.42068720724893044,1.0,False,False
target_013,oa_hb_tpm_map,181699541,506,True,,0.19693116401322186,46.26360721424873,90.9308688542273,41.66864359904642,67.30208505745595,0.05074419237101761,0.18805379923720905,1.0,True,False
target_014,target_only_event_qmle,534902746,393,True,,0.18053057696670294,45.06690574580647,96.34708009420088,35.20539035678289,77.14234458182356,0.05520159724768681,0.20919032346080796,1.0,False,False
target_014,oa_hb_tpm_map,534902746,393,True,,0.16389559500385076,45.06690574580647,96.34708009420088,50.11490522511315,79.36175970922712,0.0244425151993281,0.09236152529867417,1.0,True,False
target_015,target_only_event_qmle,2134914052,397,True,,0.1649074450833723,43.20878497058185,101.67048641536479,19.44131154186706,105.40022092166782,0.319564770566934,0.34171264918981004,1.0,False,False
target_015,oa_hb_tpm_map,2134914052,397,True,,0.16658157610800117,43.20878497058185,101.67048641536479,44.69109157614059,86.01372641726539,0.014551832646632146,0.08336007079214858,1.0,True,False
target_016,target_only_event_qmle,915377034,456,True,,0.2014291340019554,35.80405480725087,79.43496886940054,30.960286624381993,104.66814727101605,0.04861247046497887,0.15134687946246567,1.0,False,False
target_016,oa_hb_tpm_map,915377034,456,True,,0.1833785050548613,35.80405480725087,79.43496886940054,48.109413882321235,85.78160509691473,0.04658970382434848,0.22069788098275672,1.0,True,False
target_017,target_only_event_qmle,62867594,571,True,,0.23757559398654848,55.42044214049812,122.61610233091267,35.218853200458405,22.810771528413397,1.5170393059131924,0.6468750289649612,0.5,False,False
target_017,oa_hb_tpm_map,62867594,571,True,,0.2145767949987203,55.42044214049812,122.61610233091267,36.99846515024172,53.983369406101055,0.4181507099293449,0.4586485412625894,0.5,True,False
target_018,target_only_event_qmle,1338211417,514,True,,0.22058198391459882,44.36931264264781,93.00825193613308,54.94216149607053,72.8903742651774,0.05254344038730695,0.131809922931272,1.0,False,False
target_018,oa_hb_tpm_map,1338211417,514,True,,0.19915188197046518,44.36931264264781,93.00825193613308,57.259186179872295,80.66987026309498,0.04265063211942071,0.1387872905841793,1.0,True,False
target_019,target_only_event_qmle,1124478805,542,True,,0.23050538601819426,32.74951958388605,72.62945201524794,16.39772110363593,56.57476480154922,0.27045810082214716,0.3790063527439969,1.0,False,False
target_019,oa_hb_tpm_map,1124478805,542,True,,0.2073895400390029,32.74951958388605,72.62945201524794,30.72704203585834,66.44220050984032,0.005995616387274056,0.07383540329725609,1.0,True,False
target_020,target_only_event_qmle,250326463,552,True,,0.20757973508443683,44.5357593357085,102.1407286247594,39.66792287831732,36.060264089920096,0.5487060686913731,0.44654473645786247,0.5,False,False
target_020,oa_hb_tpm_map,250326463,552,True,,0.1999040209921077,44.5357593357085,102.1407286247594,43.798183980636495,59.2406798856946,0.14851196285395818,0.2631974103689554,0.5,True,False
target_021,target_only_event_qmle,1970919730,465,False,d_search_boundary,0.1749583079945296,41.93769910997215,91.74000433282598,30.905501624014462,220.00000000000009,0.4291120092240528,0.6278753071042261,1.0,False,False
target_021,oa_hb_tpm_map,1970919730,465,True,,0.17496867198497057,41.93769910997215,91.74000433282598,53.27960303222887,109.50511150448132,0.044315365192575916,0.2327183114979967,1.0,True,False
target_022,target_only_event_qmle,1395925032,435,True,,0.18372025806456804,41.00673912405226,129.82573167517344,65.00311674970088,75.17209282039627,0.2554052573003508,0.28957903670610236,1.0,False,False
target_022,oa_hb_tpm_map,1395925032,435,True,,0.16633152309805155,41.00673912405226,129.82573167517344,62.3939158278692,83.62637562635524,0.18481420030599663,0.253941710211045,1.0,True,False
target_023,target_only_event_qmle,1422758397,603,True,,0.23553442198317498,44.640586581307645,114.31081730724345,20.567610540552483,109.05946350727018,0.30136090696093326,0.35223607502671883,1.0,False,False
target_023,oa_hb_tpm_map,1422758397,603,True,,0.21265545801725239,44.640586581307645,114.31081730724345,41.02958741968555,86.42157522690604,0.042668989297682446,0.17171646520663925,1.0,True,False
target_024,target_only_event_qmle,1399343056,453,True,,0.20805744302924722,38.55134284555103,89.29086649305273,32.459338765516854,77.37334300271819,0.025053739647534084,0.14597828983836605,1.0,False,False
target_024,oa_hb_tpm_map,1399343056,453,True,,0.19007366197183728,38.55134284555103,89.29086649305273,49.57780979238405,79.40156671293968,0.038528471046173934,0.13756925612631613,1.0,True,False
target_025,target_only_event_qmle,1145186337,503,True,,0.204758579027839,53.365912941964034,89.32834955984785,90.28853020842,26.86187573063956,0.8601872727927165,0.4394858155752131,0.5,False,False
target_025,oa_hb_tpm_map,1145186337,503,True,,0.30622892500832677,53.365912941964034,89.32834955984785,65.2694021655981,61.33946232520256,0.0909198585902146,0.17053097198446987,1.0,True,False
target_026,target_only_event_qmle,836404456,581,True,,0.27293009508866817,37.741473439222304,78.37314404907583,35.092425900649665,74.97197913483893,0.003632256760212206,0.0573851366892905,1.0,False,False
target_026,oa_hb_tpm_map,836404456,581,True,,0.20654782291967422,37.741473439222304,78.37314404907583,47.404996537884664,75.83477990005154,0.026526721433010745,0.13470362094217686,1.0,True,False
target_027,target_only_event_qmle,1416054233,435,True,,0.18395552306901664,31.57072191671589,61.557512761918844,20.265691804290398,118.69555097302559,0.3138129454880246,0.406882525627051,1.0,False,False
target_027,oa_hb_tpm_map,1416054233,435,True,,0.22017592401243746,31.57072191671589,61.557512761918844,41.10980578594959,85.52570423354386,0.08892189490004825,0.3462130829735944,1.0,True,False
target_028,target_only_event_qmle,2008794004,405,True,,0.15749648096971214,42.75697035153342,73.42698989020968,26.419494054207536,57.1233842324498,0.14740754661447644,0.3086344793120662,1.0,False,False
target_028,oa_hb_tpm_map,2008794004,405,True,,0.15854983101598918,42.75697035153342,73.42698989020968,40.60712072352248,70.82332078050285,0.0019824237985613005,0.04310402514785458,1.0,True,False
target_029,target_only_event_qmle,592996612,553,True,,0.26296013593673706,42.91560790366645,78.33355617224888,29.2294235931371,116.14349854539128,0.1513100085254182,0.23346638173545542,1.0,False,False
target_029,oa_hb_tpm_map,592996612,553,True,,0.19929847202729434,42.91560790366645,78.33355617224888,48.70547062682522,87.24316802411929,0.013810324519766156,0.12444471020096529,1.0,True,False
target_030,target_only_event_qmle,599615863,529,True,,0.21303632901981473,35.071600080341135,105.71006718182863,43.09119157306168,78.14189200998344,0.06685745878669426,0.1463552637002489,1.0,False,False
target_030,oa_hb_tpm_map,599615863,529,True,,0.19236567500047386,35.071600080341135,105.71006718182863,50.410821579381555,80.83949274853396,0.10179194081497721,0.205444686296858,1.0,True,False
target_031,target_only_event_qmle,1257469660,473,True,,0.15751052799168974,38.61949242977623,87.4715272110003,16.055413057053208,214.60409431691255,0.7879249552548919,0.5961155608703347,0.5,False,False
target_031,oa_hb_tpm_map,1257469660,473,True,,0.1964082809863612,38.61949242977623,87.4715272110003,41.96268209971519,111.1887720250232,0.032226316381912826,0.18439779638552742,1.0,True,False
target_032,target_only_event_qmle,1349715332,447,True,,0.3692834690446034,36.16107966468561,79.38505845266792,46.15775151929897,211.186820875613,0.5084534406394182,0.9709631602801938,1.0,False,False
target_032,oa_hb_tpm_map,1349715332,447,True,,0.242738033994101,36.16107966468561,79.38505845266792,62.95768634529128,98.72543042642855,0.17749280019803082,0.49973020303464627,1.0,True,False
target_033,target_only_event_qmle,1635084678,543,False,d_search_boundary,0.21703068097122014,47.2673977039973,124.55544266564581,38.58362594201243,220.00000000000009,0.18241333610161875,0.3586679225592732,1.0,False,False
target_033,oa_hb_tpm_map,1635084678,543,True,,0.19660585396923125,47.2673977039973,124.55544266564581,56.43622288204517,124.46456508846221,0.01571621118905617,0.10944668729043219,1.0,True,False
target_034,target_only_event_qmle,1489802579,453,True,,0.2075962780509144,47.679143707065116,83.35672269006447,23.025381728221078,47.78154524609404,0.41975738793110157,0.473936233897957,0.5,False,False
target_034,oa_hb_tpm_map,1489802579,453,True,,0.1897429839009419,47.679143707065116,83.35672269006447,32.35663699131258,69.80035461929735,0.09089729517857897,0.2490549075269737,1.0,True,False
target_035,target_only_event_qmle,1289564112,582,True,,0.4066378290299326,42.85827254997297,99.78491551143935,195.73470244300236,40.43303462892348,1.561508700598653,1.3633756285197978,0.5,False,False
target_035,oa_hb_tpm_map,1289564112,582,True,,0.20696780597791076,42.85827254997297,99.78491551143935,65.65798338641875,83.55243601964683,0.10673762583458182,0.25079668807227895,1.0,True,False
target_036,target_only_event_qmle,852373774,457,True,,0.1901808310067281,44.69916907118505,71.79068682843956,26.909455722678064,25.7686013974333,0.6536670789575458,0.5345515926489086,0.5,False,False
target_036,oa_hb_tpm_map,852373774,457,True,,0.17236949200741947,44.69916907118505,71.79068682843956,38.393344850072,53.160108249539256,0.056696806874496686,0.20465331020599295,1.0,True,False
target_037,target_only_event_qmle,48326165,497,True,,0.24218172195833176,49.81444328865933,118.21595258040792,111.42773722899152,185.22154470212558,0.42488818846335685,0.9032157868661568,1.0,False,False
target_037,oa_hb_tpm_map,48326165,497,True,,0.18370226095430553,49.81444328865933,118.21595258040792,83.02424497347018,126.34877749748098,0.13268579898456093,0.38672324461111535,1.0,True,False
target_038,target_only_event_qmle,1443773056,563,False,d_search_boundary,0.22258720500394702,31.375465631576922,70.97037515860605,10.000000000000002,45.457382100354025,0.7529582974114578,0.5468228130732439,0.5,False,False
target_038,oa_hb_tpm_map,1443773056,563,True,,0.37622120592277497,31.375465631576922,70.97037515860605,22.04193137491331,62.45895079579489,0.07049302419439078,0.2181809120558586,1.0,True,False
target_039,target_only_event_qmle,1608226857,464,True,,0.17398230801336467,48.02259792029922,146.8531238534177,15.216661255540023,92.92342388327945,0.7651481400359578,0.550778503462173,0.5,False,False
target_039,oa_hb_tpm_map,1608226857,464,True,,0.19313225406222045,48.02259792029922,146.8531238534177,35.510180941680424,78.23296594188096,0.24384476444490394,0.37434851757751425,0.5,True,False
target_040,target_only_event_qmle,886178499,628,True,,0.2663711759960279,54.32185729072255,114.37106128653915,124.36877276812201,27.986871539888394,1.3338880237631412,0.5776886225720752,0.5,False,False
target_040,oa_hb_tpm_map,886178499,628,True,,0.2196883000433445,54.32185729072255,114.37106128653915,66.83323653134329,66.46759640061163,0.16876106339292643,0.23060559688650448,0.5,True,False
target_041,target_only_event_qmle,1371499097,446,False,d_search_boundary,0.1690256509464234,40.27746712286149,99.39425163918929,10.000000000000002,136.75962172318253,1.0214351429388393,0.4673276254467969,0.5,False,False
target_041,oa_hb_tpm_map,1371499097,446,True,,0.18783685797825456,40.27746712286149,99.39425163918929,31.72195690260036,87.78894350451328,0.03621637701221012,0.16780627430001857,1.0,True,False
target_042,target_only_event_qmle,446690999,548,True,,0.24018153490033,38.19289744446863,93.86889012216719,138.1695564485269,54.55489407563844,0.9739390938074579,1.0848380742809072,0.5,False,False
target_042,oa_hb_tpm_map,446690999,548,True,,0.1975402800599113,38.19289744446863,93.86889012216719,80.03273903039417,79.98510714410872,0.28645119888914855,0.5240057583348013,0.5,True,False
target_043,target_only_event_qmle,262082880,441,True,,0.18582907994277775,45.18439148807354,92.44359969130957,18.19131460330223,118.73011410781587,0.44518838713476383,0.34846742254914825,1.0,False,False
target_043,oa_hb_tpm_map,262082880,441,True,,0.16792825795710087,45.18439148807354,92.44359969130957,40.00161480389957,85.79738016512039,0.010204848802628456,0.09428789559135269,1.0,True,False
target_044,target_only_event_qmle,394335233,539,True,,0.21565464092418551,55.133249520574246,118.86484401408433,88.6192023294902,62.792782343242635,0.3162362504841978,0.31145675371825804,1.0,False,False
target_044,oa_hb_tpm_map,394335233,539,True,,0.17388070991728455,55.133249520574246,118.86484401408433,69.37972965626695,81.78319691935594,0.09631993715581719,0.17396976459038452,1.0,True,False
target_045,target_only_event_qmle,1403402409,352,True,,0.2054290979867801,34.07412695645816,98.09457744743962,43.31193404951916,153.1934767086116,0.12812883336426462,0.41998536948570325,1.0,False,False
target_045,oa_hb_tpm_map,1403402409,352,True,,0.1431666170246899,34.07412695645816,98.09457744743962,61.79534123242236,103.37538213802709,0.17855956850651059,0.4561622744966219,1.0,True,False
target_046,target_only_event_qmle,1084419632,422,True,,0.19677494606003165,38.4503772785807,74.73628465380655,15.133124312747489,60.86915541806662,0.4558233632737742,0.43834563525365056,1.0,False,False
target_046,oa_hb_tpm_map,1084419632,422,True,,0.2678394520189613,38.4503772785807,74.73628465380655,34.754346317316745,63.36437566671961,0.01872999961305911,0.1254972657059362,1.0,True,False
target_047,target_only_event_qmle,1750622705,519,True,,0.1893364320276305,35.317665169886155,97.4900586045611,12.253510144101838,166.9449537729396,0.7049616918191364,0.41421952717487776,0.5,False,False
target_047,oa_hb_tpm_map,1750622705,519,True,,0.18983560998458415,35.317665169886155,97.4900586045611,34.33608600009664,91.49695640008514,0.0024098515692147168,0.04578668151763919,1.0,True,False
target_048,target_only_event_qmle,1277239786,422,True,,0.17962522699963301,45.550291721148355,95.91305856141065,25.34114514210844,61.013225386932305,0.2742361813797142,0.40531614503352464,1.0,False,False
target_048,oa_hb_tpm_map,1277239786,422,True,,0.16266242903657258,45.550291721148355,95.91305856141065,38.87225473603184,75.85394983551292,0.04009304843634929,0.1791883085964681,1.0,True,False
target_049,target_only_event_qmle,864909348,491,True,,0.2011316689895466,43.167883718995235,91.80970126217149,34.174556894527,47.299044821277,0.24722367358933522,0.3652815816485655,1.0,False,False
target_049,oa_hb_tpm_map,864909348,491,True,,0.18180242006201297,43.167883718995235,91.80970126217149,41.75485076058987,64.92666277046844,0.060570945725240306,0.18552568414928935,1.0,True,False
target_050,target_only_event_qmle,1678122114,438,True,,0.16668539796955884,40.20225659040878,72.90932003994598,47.81226736047247,59.85767967238178,0.03447982981250054,0.10691080190370084,1.0,False,False
target_050,oa_hb_tpm_map,1678122114,438,True,,0.16703279595822096,40.20225659040878,72.90932003994598,53.18805703437824,75.32936122842375,0.0397081399854932,0.1915827268095347,1.0,True,False
target_051,target_only_event_qmle,1616459671,472,False,d_search_boundary,0.23357174603734165,51.605123001044184,112.42739227711131,29.052648991762076,220.00000000000009,0.3903668353547069,0.4169910257841769,1.0,False,False
target_051,oa_hb_tpm_map,1616459671,472,True,,0.17678806593175977,51.605123001044184,112.42739227711131,51.57335495265115,114.47733510412439,0.00016343841244814114,0.010343454023517117,1.0,True,False
target_052,target_only_event_qmle,272617900,577,True,,0.22747671697288752,41.85699960578617,78.8295161211008,34.697413441538444,70.81511520206523,0.023343265572293652,0.13829301459305998,1.0,False,False
target_052,oa_hb_tpm_map,272617900,577,True,,0.20615033502690494,41.85699960578617,78.8295161211008,42.49885923837703,75.03886970887,0.0013301177867892622,0.024857883704790522,1.0,True,False
target_053,target_only_event_qmle,166597177,415,True,,0.178032944095321,44.21531949341936,87.50479604139954,11.26647860652274,112.07083394482369,0.9652845894102768,0.4664464812469299,0.5,False,False
target_053,oa_hb_tpm_map,166597177,415,True,,0.19592956197448075,44.21531949341936,87.50479604139954,36.87232312459475,78.73732256871938,0.022064295051823057,0.1349097569037044,1.0,True,False
target_054,target_only_event_qmle,549585765,541,True,,0.23719534405972809,31.80433061537877,69.31683939992804,42.33310826576774,43.36466000032252,0.1508892570378992,0.21398467514138175,1.0,False,False
target_054,oa_hb_tpm_map,549585765,541,True,,0.3224193500354886,31.80433061537877,69.31683939992804,47.92986088645903,61.946642314616945,0.09042437641561216,0.2485250220851767,1.0,True,False
target_055,target_only_event_qmle,1039605638,536,True,,0.2777703730389476,47.76624741772438,75.62016077105163,178.94474459084717,36.31726502862437,1.141160127238383,1.0925772482273803,0.5,False,False
target_055,oa_hb_tpm_map,1039605638,536,True,,0.19423755793832242,47.76624741772438,75.62016077105163,82.2593522496274,74.43253778438685,0.14785284179919103,0.3840016266059282,1.0,True,False
target_056,target_only_event_qmle,324250868,500,True,,0.18409504496958107,32.31228819275421,77.96660682588987,31.705889468405797,28.648296058544553,0.5013668137568307,0.41443256383561755,0.5,False,False
target_056,oa_hb_tpm_map,324250868,500,True,,0.18431752501055598,32.31228819275421,77.96660682588987,43.35928381830703,53.877021032647086,0.1115329514978079,0.18913003173027063,1.0,True,False
target_057,target_only_event_qmle,280441842,500,True,,0.20389626605901867,53.77598594655873,93.85472377609003,28.208602207174682,48.30154881426326,0.42877847028125804,0.4804246841802056,1.0,False,False
target_057,oa_hb_tpm_map,280441842,500,True,,0.184430658002384,53.77598594655873,93.85472377609003,39.90465765144492,64.28057185792333,0.11612916471362103,0.28738471000022836,1.0,True,False
target_058,target_only_event_qmle,913185463,635,True,,0.2690648320131004,43.14944000939653,107.93919902831256,31.24573279765173,57.97764192109516,0.24523334271933311,0.3779031335724862,1.0,False,False
target_058,oa_hb_tpm_map,913185463,635,True,,0.2218071969691664,43.14944000939653,107.93919902831256,38.96776015689872,67.70520314221726,0.11396219329934212,0.2559503699755237,0.5,True,False
target_059,target_only_event_qmle,233479133,422,True,,0.16291561000980437,47.146264686078574,120.83845474007701,26.187421281927012,73.2928043718193,0.29785371435402797,0.4196413682395166,1.0,False,False
target_059,oa_hb_tpm_map,233479133,422,True,,0.16296967305243015,47.146264686078574,120.83845474007701,37.73260351589147,75.31824135696256,0.1365422549901586,0.2963324143930889,1.0,True,False
target_060,target_only_event_qmle,652952849,508,True,,0.20698740205261856,41.42889437648922,76.63538719952932,12.828123678018466,80.83102320027159,0.6886094968139655,0.4461717378704863,0.5,False,False
target_060,oa_hb_tpm_map,652952849,508,True,,0.20707653206773102,41.42889437648922,76.63538719952932,31.645980060466517,73.63137423375638,0.037078918351616114,0.15250762225848746,1.0,True,False
target_061,target_only_event_qmle,698172752,534,True,,0.2162101969588548,58.17742665379723,160.9332071429795,46.97746364562685,65.30852923986721,0.42954335051884107,0.4319804055265416,0.5,False,False
target_061,oa_hb_tpm_map,698172752,534,True,,0.2064540950814262,58.17742665379723,160.9332071429795,51.44209544536991,76.29681301328755,0.2860948127361339,0.36189501803403606,0.5,True,False
target_062,target_only_event_qmle,2066119640,506,True,,0.21737313200719655,54.04089885024632,109.50286149424741,14.882693283114554,145.8685079509783,0.8725736436218756,0.44572227575912426,0.5,False,False
target_062,oa_hb_tpm_map,2066119640,506,True,,0.19790906901471317,54.04089885024632,109.50286149424741,34.6359053717592,84.04499637263518,0.13395202803306014,0.29992977804645077,1.0,True,False
target_063,target_only_event_qmle,1373870846,547,True,,0.2315430409507826,47.29975719066032,107.37578269511472,36.240823902335165,88.28195043548135,0.05463151382329475,0.20677999682127574,1.0,False,False
target_063,oa_hb_tpm_map,1373870846,547,True,,0.2091847499832511,47.29975719066032,107.37578269511472,48.35922315864271,83.4458653421058,0.03203177539916627,0.12747890250185373,1.0,True,False
target_064,target_only_event_qmle,1637911595,431,True,,0.1943917729659006,40.80254037988294,91.22285593762736,76.7678773660757,51.2812576339128,0.3656150723615713,0.38960519998761195,1.0,False,False
target_064,oa_hb_tpm_map,1637911595,431,True,,0.1755217199679464,40.80254037988294,91.22285593762736,62.76341971720265,76.90955851337954,0.10728529909225494,0.254631878687779,1.0,True,False
target_065,target_only_event_qmle,1339222246,462,True,,0.22408385993912816,38.37017424167045,89.10032471194069,31.042467908890366,133.42091217877902,0.10396132101700607,0.23160636734465948,1.0,False,False
target_065,oa_hb_tpm_map,1339222246,462,True,,0.18509079806972295,38.37017424167045,89.10032471194069,50.311669863468126,89.71235215791604,0.03673217261615955,0.17609407420707815,1.0,True,False
target_066,target_only_event_qmle,1470487191,366,True,,0.17361681791953743,43.9034680437847,98.10795520231352,205.82327454510403,70.54758354821159,1.2479282624439116,1.5847036795247635,0.5,False,False
target_066,oa_hb_tpm_map,1470487191,366,True,,0.1732682849979028,43.9034680437847,98.10795520231352,104.21902599712715,92.73087970692434,0.37526994011727133,0.6885705881667358,0.5,True,False
target_067,target_only_event_qmle,1346079387,378,True,,0.17696529999375343,40.6104948383286,91.8960912771732,49.86598480104845,23.23032527421753,0.9666640742207063,0.4724963215209386,0.5,False,False
target_067,oa_hb_tpm_map,1346079387,378,True,,0.15995840495452285,40.6104948383286,91.8960912771732,47.60525353084634,64.8562845083832,0.07334802902739919,0.1572498984380103,1.0,True,False
target_068,target_only_event_qmle,1595852149,615,True,,0.7692389290314168,40.21703487263144,96.4908156142231,35.0003821332697,25.388853744970152,0.9009471846147773,0.5220449003745653,0.5,False,False
target_068,oa_hb_tpm_map,1595852149,615,True,,0.28059441200457513,40.21703487263144,96.4908156142231,36.43629000365407,53.825386642350544,0.1752277165371963,0.2995135497762857,0.5,True,False
target_069,target_only_event_qmle,114696189,634,True,,0.26121004798915237,43.51958561457464,127.47185818862141,41.70756718817493,123.81122229182606,0.0013288370195564472,0.0353904168356592,1.0,False,False
target_069,oa_hb_tpm_map,114696189,634,True,,0.2609658109722659,43.51958561457464,127.47185818862141,56.592943943503776,95.15743421321514,0.0772366452818267,0.16031351801891267,1.0,True,False
target_070,target_only_event_qmle,389303846,458,False,d_search_boundary,0.2623516640160233,53.56015479001755,99.43920225099407,22.946331115216495,220.00000000000009,0.674535429992059,0.5145054266581234,1.0,False,False
target_070,oa_hb_tpm_map,389303846,458,True,,0.22374397702515125,53.56015479001755,99.43920225099407,53.00458496228752,100.3575825318503,9.661862553767095e-05,0.005720284337199272,1.0,True,False
target_071,target_only_event_qmle,1864375322,417,True,,0.20811279793269932,62.69344271216419,129.21051691412922,19.410632421560482,46.55318615732202,1.2083677988931312,0.6658483639107838,0.0,False,False
target_071,oa_hb_tpm_map,1864375322,417,True,,0.17241413693409413,62.69344271216419,129.21051691412922,38.13520604829771,64.55497997545461,0.36433008675573314,0.4489341152368042,0.5,True,False
target_072,target_only_event_qmle,539351732,469,True,,0.20769284304697067,45.28626376381407,91.71809016015989,17.859452259562904,123.56249916534286,0.4772981862609512,0.3532290887046984,1.0,False,False
target_072,oa_hb_tpm_map,539351732,469,True,,0.18590254499576986,45.28626376381407,91.71809016015989,38.02035490530643,88.8209034137121,0.01580700052754984,0.10445709896982291,1.0,True,False
target_073,target_only_event_qmle,373358568,513,True,,0.19877086800988764,36.05241870591252,63.08435983595851,30.780672780727482,39.883133302133466,0.11761574906511676,0.2702571818305123,1.0,False,False
target_073,oa_hb_tpm_map,373358568,513,True,,0.1999331379774958,36.05241870591252,63.08435983595851,39.61822734253994,61.56628644923767,0.004744359190602502,0.05083025054369092,1.0,True,False
target_074,target_only_event_qmle,1340575815,447,True,,0.21946791501250118,51.726336346660744,102.8923789134928,17.157950339148098,62.03230295964955,0.7368944280449816,0.5516658754719644,0.5,False,False
target_074,oa_hb_tpm_map,1340575815,447,True,,0.2388941099634394,51.726336346660744,102.8923789134928,33.21030258195765,68.09307436533169,0.18337711802882284,0.3481828440421275,1.0,True,False
target_075,target_only_event_qmle,1686549355,434,True,,0.19512200297322124,37.51403708908039,79.75057152064831,64.25790923760532,20.462401461689662,1.0700521915068075,0.4719696998730048,0.5,False,False
target_075,oa_hb_tpm_map,1686549355,434,True,,0.17625335091724992,37.51403708908039,79.75057152064831,50.061591269751816,61.59018029723869,0.07501300229752408,0.1651054088596597,1.0,True,False
target_076,target_only_event_qmle,1992104019,462,True,,0.22486053896136582,35.6703214467422,91.92819194323529,10.499013723156034,86.11536910067093,0.7500439363346912,0.4815052400620645,1.0,False,False
target_076,oa_hb_tpm_map,1992104019,462,True,,0.18375610595103353,35.6703214467422,91.92819194323529,37.06154540845341,71.97730204952441,0.03066045526443712,0.12057000218643887,1.0,True,False
target_077,target_only_event_qmle,1645857430,451,True,,0.20084646402392536,47.150374618587506,91.04021196025629,65.37239098628997,57.174627043648975,0.1615867857911838,0.222948606510143,1.0,False,False
target_077,oa_hb_tpm_map,1645857430,451,True,,0.18199611804448068,47.150374618587506,91.04021196025629,58.984475721246426,77.6177603819759,0.037793771339608616,0.12190625772037383,1.0,True,False
target_078,target_only_event_qmle,1838503160,517,True,,0.22253592300694436,43.0382709790278,85.38572934782152,27.037440772546447,100.52917139151755,0.12137910725143054,0.2024945993016289,1.0,False,False
target_078,oa_hb_tpm_map,1838503160,517,True,,0.30929581401869655,43.0382709790278,85.38572934782152,44.5291374780831,84.57102838295333,0.0006257951815020731,0.017826817963650557,1.0,True,False
target_079,target_only_event_qmle,2060766763,420,True,,0.19090428308118135,45.11883354208902,91.37985940754777,40.94730980947879,80.99893047324537,0.011976694450284634,0.1032528904201791,1.0,False,False
target_079,oa_hb_tpm_map,2060766763,420,True,,0.17262802401091903,45.11883354208902,91.37985940754777,50.06252467399758,81.86710889694477,0.011447247841585774,0.061975585012754915,1.0,True,False
target_080,target_only_event_qmle,1912583487,535,True,,0.24939565605018288,63.74741668988812,165.74630113901216,38.84258407145899,183.87962011443574,0.12810587821439937,0.21969390231735106,1.0,False,False
target_080,oa_hb_tpm_map,1912583487,535,True,,0.20679257600568235,63.74741668988812,165.74630113901216,56.88642516058586,106.27146903992181,0.1052564037483076,0.2509005267318102,1.0,True,False
target_081,target_only_event_qmle,669751107,496,True,,0.21544349403120577,42.18846666303326,70.16146620596875,84.09528766516198,90.73492475361624,0.270975824150227,0.6506532923540249,1.0,False,False
target_081,oa_hb_tpm_map,669751107,496,True,,0.21503116795793176,42.18846666303326,70.16146620596875,73.09103719697066,92.21435290001885,0.1883584408587921,0.5279468322373099,0.5,True,False
target_082,target_only_event_qmle,2021530116,536,True,,0.20741787005681545,53.453840093266784,93.55189309519703,75.9988272351033,36.136703269336685,0.5143142003280329,0.36033343393929,0.5,False,False
target_082,oa_hb_tpm_map,2021530116,536,True,,0.20670303096994758,53.453840093266784,93.55189309519703,62.988805315375366,65.50952397492736,0.07695296908901313,0.1604877330712071,1.0,True,False
target_083,target_only_event_qmle,144857066,537,True,,0.25057300401385874,39.88497122819978,74.42992885271134,47.91475164441338,62.97644095968558,0.030782926233149772,0.10382027312704688,1.0,False,False
target_083,oa_hb_tpm_map,144857066,537,True,,0.2079955379012972,39.88497122819978,74.42992885271134,53.25054513318103,74.26330630643376,0.041765453421458876,0.18607283238834807,1.0,True,False
target_084,target_only_event_qmle,687027744,454,True,,0.20219668501522392,42.46938835669622,119.91255108272429,215.32423577967384,24.80609882589402,2.5590241602260138,1.4155862870708247,0.0,False,False
target_084,oa_hb_tpm_map,687027744,454,True,,0.1813893299549818,42.46938835669622,119.91255108272429,74.17513581349023,68.03258241742441,0.31610173943459485,0.34229038633229697,0.5,True,False
target_085,target_only_event_qmle,1980490253,448,True,,0.3007255580741912,52.07325375257899,109.97824246841725,24.496692707842897,194.37285824014717,0.4465061459816164,0.3716727903888751,1.0,False,False
target_085,oa_hb_tpm_map,1980490253,448,True,,0.18174545804504305,52.07325375257899,109.97824246841725,48.41867775888411,96.5633844670971,0.01110821508973131,0.09749054126945546,1.0,True,False
target_086,target_only_event_qmle,538997068,501,False,d_search_boundary,0.25764352607075125,51.179234411479186,94.31085751741988,36.56196001668139,220.00000000000009,0.4152883745931238,0.592728778729079,1.0,False,False
target_086,oa_hb_tpm_map,538997068,501,True,,0.1959347310476005,51.179234411479186,94.31085751741988,63.037489274688475,96.3182689462673,0.021936190707363034,0.1375102804195188,1.0,True,False
target_087,target_only_event_qmle,1268596719,481,True,,0.1899380290415138,45.86862407412624,127.15986549340789,31.09181714449184,39.702873161407,0.7530700180759128,0.5386772134267575,1.0,False,False
target_087,oa_hb_tpm_map,1268596719,481,True,,0.19070483604446054,45.86862407412624,127.15986549340789,46.64143597137638,71.07311445412974,0.16934793671933332,0.26950497674172613,0.5,True,False
target_088,target_only_event_qmle,1422284172,574,True,,0.28583049995359033,51.6391461288972,141.6525367376022,21.832941886579576,96.28050454134765,0.4450810216862835,0.4648205026982262,1.0,False,False
target_088,oa_hb_tpm_map,1422284172,574,True,,0.2188689230242744,51.6391461288972,141.6525367376022,49.192005132832875,82.11756391033757,0.14981376236999397,0.2715237925597688,0.5,True,False
target_089,target_only_event_qmle,992753235,490,False,d_search_boundary,0.23344048508442938,59.06656274826436,97.97745414735243,38.526271089510054,220.00000000000009,0.4184548040679289,0.5407598335270215,0.5,False,False
target_089,oa_hb_tpm_map,992753235,490,True,,0.19243076094426215,59.06656274826436,97.97745414735243,58.07352115270466,117.1125799673624,0.016056716011640024,0.10558427339421761,1.0,True,False
target_090,target_only_event_qmle,1931971723,500,True,,0.2154333939542994,71.23190207311718,111.46918919602328,137.47850512513983,114.02444304886859,0.21642758719924943,0.5028746241000237,1.0,False,False
target_090,oa_hb_tpm_map,1931971723,500,True,,0.19505918805953115,71.23190207311718,111.46918919602328,96.83081454735213,105.11638478802672,0.0488536949215812,0.183761599658723,1.0,True,False
target_091,target_only_event_qmle,159769614,606,True,,0.274359914008528,41.98389205964273,86.74806276610968,12.089820159176673,80.20325454739213,0.7779924131030796,0.4893552149156611,0.5,False,False
target_091,oa_hb_tpm_map,159769614,606,True,,0.25193923397455364,41.98389205964273,86.74806276610968,33.71267093893017,73.43165287158644,0.037957482975670295,0.17590168015974236,1.0,True,False
target_092,target_only_event_qmle,1554580421,497,True,,0.2143596380483359,37.72851117905397,102.27083190226323,101.87512062315835,39.77250578155028,0.939345537106095,0.6801808127710777,1.0,False,False
target_092,oa_hb_tpm_map,1554580421,497,True,,0.19423132692463696,37.72851117905397,102.27083190226323,65.86191127633636,72.00221019516862,0.21677996590250412,0.33450340149551433,1.0,True,False
target_093,target_only_event_qmle,848052077,401,True,,0.16616610693745315,38.5521519508259,65.27296033386796,34.51559520969616,73.61020773209273,0.013340975561210097,0.06777309476532208,1.0,False,False
target_093,oa_hb_tpm_map,848052077,401,True,,0.16645758203230798,38.5521519508259,65.27296033386796,46.99856984222543,77.3499419117027,0.03403240675040246,0.20221833040352805,1.0,True,False
target_094,target_only_event_qmle,1227066580,653,True,,0.23952711198944598,54.49879129072062,82.3087334716459,14.065130174266686,140.21171240975775,1.0591798159373083,0.4699842093607033,0.5,False,False
target_094,oa_hb_tpm_map,1227066580,653,True,,0.317606579978019,54.49879129072062,82.3087334716459,38.988782495396606,89.4495551439033,0.059541449494787325,0.15512418334480932,1.0,True,False
target_095,target_only_event_qmle,1559352825,568,True,,0.2830600109882653,37.86581743873053,71.76718372101386,36.036310161311015,78.05989883854882,0.004758331033079154,0.043435936956948994,1.0,False,False
target_095,oa_hb_tpm_map,1559352825,568,True,,0.2154667229624465,37.86581743873053,71.76718372101386,44.615956883673036,79.98769481434499,0.019335229083751668,0.147275468635265,1.0,True,False
target_096,target_only_event_qmle,1028250651,417,True,,0.18792221695184708,48.35753888518232,120.09432341673997,37.12737317615169,125.54104953863136,0.0359023835513434,0.12877125509691173,1.0,False,False
target_096,oa_hb_tpm_map,1028250651,417,True,,0.17118816904257983,48.35753888518232,120.09432341673997,51.24640914527738,95.7034122876326,0.02745319519648493,0.10896210855602342,1.0,True,False
target_097,target_only_event_qmle,368432269,506,True,,0.24024622305296361,45.79955287097936,96.94990816124066,51.46728727172214,136.73507712469748,0.06592289934934624,0.2745491684988991,1.0,False,False
target_097,oa_hb_tpm_map,368432269,506,True,,0.2388850839342922,45.79955287097936,96.94990816124066,64.73055228826199,96.09603828649692,0.05988293553529712,0.2258805162066673,1.0,True,False
target_098,target_only_event_qmle,1951308967,514,True,,0.21952431497629732,50.63391259011116,68.83282510882653,37.97001411613137,35.258081074033136,0.2651926874805297,0.3826810869546304,1.0,False,False
target_098,oa_hb_tpm_map,1951308967,514,True,,0.19951116002630442,50.63391259011116,68.83282510882653,41.508226831378316,60.98832514246038,0.02706708242962143,0.14877086162958392,1.0,True,False
target_099,target_only_event_qmle,1872419558,404,True,,0.18522747291717678,44.14933537684597,98.4393449984561,98.44129154296647,48.195850355285096,0.5765254634243919,0.5178132007319818,1.0,False,False
target_099,oa_hb_tpm_map,1872419558,404,True,,0.16726801299955696,44.14933537684597,98.4393449984561,68.1550132891475,74.64773470599776,0.13253827876463367,0.25011235913638197,1.0,True,False
