method_id,k,strategy,n_patients,mean_hidden_dice,mean_hidden_hd95_px,area_curve_relative_rmse,hidden_brier,posterior_predictive_hidden_brier,hidden_area_95_coverage,area_95_interval_width_relative,trust_gate_rejection_rate,trust_score,runtime_s
hb_tpm_latent_mse,2,clustered,98,0.7512758172158149,9.65185977579478,0.59513421882539,0.0375864754849094,0.06540560576380512,0.5611317254174397,2.527676526784162,0.5897959183673469,0.00048535534914826003,0.03893612054015068
hb_tpm_latent_mse,2,random,98,0.7512316684376658,9.60275888111512,0.5903371520776214,0.03742002501931721,0.06548578417574868,0.5574211502782931,2.5336977034750148,0.5693877551020409,0.0004817479901248164,0.03901413481311906
hb_tpm_latent_mse,2,uniform,98,0.7516867134592676,9.455239731290337,0.5730595039356281,0.036581501811362604,0.06514113248154821,0.5463821892393321,2.530609039395734,0.07142857142857142,0.0002720739109407579,0.04279305152737588
hb_tpm_latent_mse,3,clustered,98,0.7514918375627478,9.514835776465812,0.5721483531023602,0.03742731858272937,0.06273460209521707,0.6016520894071915,2.4893567633902567,0.38163265306122446,0.0005036621370705105,0.03791029291769143
hb_tpm_latent_mse,3,random,98,0.750507034901643,9.511790019487588,0.5708590355549349,0.037233991746087415,0.06349630927552978,0.5970845481049563,2.5331659311009593,0.16938775510204082,0.00039579730321427577,0.03787528651015714
hb_tpm_latent_mse,3,uniform,98,0.7503705524379756,9.461456218942963,0.5687402711385975,0.03694504622027881,0.06288681487191693,0.5830903790087464,2.5478974097327773,0.10204081632653061,0.0004517315560684051,0.0395609641338375
hb_tpm_latent_mse,5,clustered,98,0.7545133829564483,9.468726137882527,0.5723646330863252,0.03719597026819777,0.06387011407665448,0.6094522019334049,3.0091010300546057,0.0,0.00026646007514050015,0.03502303253650205
hb_tpm_latent_mse,5,random,98,0.7519335862763022,9.460829365483606,0.5707816616873622,0.03713544732035722,0.06274376081644877,0.6092373791621911,3.032694527308469,0.0163265306122449,0.0003299394302005501,0.03503609131879112
hb_tpm_latent_mse,5,uniform,98,0.7508571628909138,9.424113080192768,0.5658063992653101,0.03703689082924804,0.060367667819468285,0.6063372717508055,2.999719665032255,0.12244897959183673,0.0004464189055118704,0.03661545102807631
hb_tpm_latent_mse,7,clustered,98,0.7575589756469854,9.275490707437948,0.5539589413086441,0.03675934866222796,0.06696841476523141,0.6189675870348139,3.597569030217153,0.0,0.00022258866759195344,0.03235664586774164
hb_tpm_latent_mse,7,random,98,0.7540931899906548,9.21534909885264,0.5455808860750857,0.03650749124282472,0.061423016157077244,0.6190876350540216,3.3725120598450213,0.02040816326530612,0.0003741382888359765,0.03229597830926349
hb_tpm_latent_mse,7,uniform,98,0.7530929900819757,9.213684253645436,0.5421591453665859,0.03645596406137452,0.05679081133281694,0.6158463385354142,3.18488648454657,0.11224489795918367,0.00046056987181994287,0.03381952273241259
hb_tpm_latent_mse,10,clustered,98,0.7592732446840198,9.372345819218195,0.5600405790010129,0.037025248631834935,0.06948876574787553,0.6206997084548105,3.852930388966383,0.0020408163265306124,0.0001927963986770218,0.028391301960266166
hb_tpm_latent_mse,10,random,98,0.755518380645409,9.217055713938972,0.5448501437895169,0.03621871545340633,0.05803568411086282,0.6246355685131195,3.286867732232489,0.1163265306122449,0.00034140767262321814,0.028367765499658984
hb_tpm_latent_mse,10,uniform,98,0.7541577075962426,9.248644048340571,0.5434535829840756,0.036265709789051644,0.05249103540744705,0.6246355685131195,2.99609492322385,0.16326530612244897,0.00037084029018113676,0.030225753449188614
oa_hb_tpm_isotropic_prior,2,clustered,98,0.7489027380567711,9.825131428788573,0.6008470703597426,0.03762184628950693,0.05740306653386472,0.6206864564007422,1.9018940760871954,0.9836734693877551,1.2918122378119286e-05,0.038113807793231445
oa_hb_tpm_isotropic_prior,2,random,98,0.7486813448421835,9.781852700699158,0.595263142019356,0.03747140398363065,0.05704414774568709,0.6147495361781077,1.9007469377206507,0.8612244897959185,1.3973217245503449e-05,0.03821852228043558
oa_hb_tpm_isotropic_prior,2,uniform,98,0.7475546498152362,9.713369400018284,0.5791716542656444,0.036972202626722156,0.05637350402848448,0.6043599257884972,1.8587183964923895,0.05102040816326531,6.020725842453041e-06,0.04134043642291224
oa_hb_tpm_isotropic_prior,3,clustered,98,0.7491786255129678,9.882032017268388,0.6040832238366379,0.0377326567676298,0.05447798091157962,0.5945578231292517,1.769476911639926,0.8653061224489795,2.1109902773295458e-05,0.03726276879731029
oa_hb_tpm_isotropic_prior,3,random,98,0.7480485102467037,9.868093185423035,0.5982594429404432,0.03762416804437426,0.05510362532293914,0.5806608357628766,1.8348041148972098,0.5326530612244899,1.919677916536144e-05,0.03733328404095095
oa_hb_tpm_isotropic_prior,3,uniform,98,0.7479324822199654,9.818369987092966,0.598267894098909,0.037373627374442824,0.05367125336993101,0.5796890184645287,1.7765316641726097,0.05102040816326531,1.6454267896575883e-05,0.03911522055776519
oa_hb_tpm_isotropic_prior,5,clustered,98,0.7496122290280227,9.896535032538019,0.6065508974743439,0.03787818094715471,0.05185513890215324,0.41063372717508057,1.477104146044842,0.9163265306122449,7.207264183565168e-05,0.034313480143093135
oa_hb_tpm_isotropic_prior,5,random,98,0.7474603538252778,9.906499069272721,0.6059828515180079,0.03782848655341227,0.04858976776654618,0.46315789473684216,1.4200339891262264,0.5224489795918368,4.793855255901778e-05,0.03431694412803539
oa_hb_tpm_isotropic_prior,5,uniform,98,0.7470471596217075,9.88182987088687,0.6008722339762528,0.037551151598062396,0.044928899757107864,0.5220193340494093,1.3054737856651928,0.05102040816326531,4.1577402130911434e-05,0.03600931664624684
oa_hb_tpm_isotropic_prior,7,clustered,98,0.7500485893780544,9.877186167183071,0.6042297100903637,0.03801491689317076,0.05289881142350479,0.3817527010804322,1.380419345929263,1.0,8.962956599132156e-05,0.031744300361190476
oa_hb_tpm_isotropic_prior,7,random,98,0.7464298044511182,9.924708075211692,0.6031566445579638,0.03790411126742858,0.04235439557125977,0.14741896758703482,0.48922950497098083,0.9408163265306123,9.111126519721396e-05,0.031749865073444544
oa_hb_tpm_isotropic_prior,7,uniform,98,0.7463035870694995,9.906442477407378,0.6030415314002876,0.03772197471817532,0.03829727243936179,0.035414165666266505,0.15915231903805369,0.061224489795918366,2.934399425060162e-05,0.03343454225235899
oa_hb_tpm_isotropic_prior,10,clustered,98,0.7526580296896612,9.879152075121937,0.6046028393350982,0.038117256893643266,0.05382221370783383,0.3982507288629738,1.4675548240580418,0.6040816326530613,0.00010179547939419948,0.02795985877010206
oa_hb_tpm_isotropic_prior,10,random,98,0.7471494259823303,9.886565983383393,0.6023803050034104,0.03778699203869513,0.03890956289762132,0.047667638483965005,0.18790609417333992,0.5163265306122449,7.640983706977025e-05,0.027972041397849617
oa_hb_tpm_isotropic_prior,10,uniform,98,0.7462222914605349,9.905149840890463,0.6023236878540298,0.03774649877937468,0.0377729220068728,0.012390670553935855,0.0757028943918216,0.10204081632653061,8.215872331878491e-05,0.029849451819282665
oa_hb_tpm_map,2,clustered,98,0.7483792272524358,9.835566801820827,0.6035683000811113,0.03767764027591562,0.057766684414628774,0.6203153988868274,1.9336660611397718,1.0,1.2950166862772361e-05,0.03731757491370848
oa_hb_tpm_map,2,random,98,0.7480995973005349,9.795665680641704,0.5984420888400708,0.03754831859461807,0.057388241056884996,0.6145640074211502,1.9344522902353465,0.8816326530612245,1.4070595596495292e-05,0.03733943068631445
oa_hb_tpm_map,2,uniform,98,0.7471067693234541,9.723127745901676,0.5811139336915222,0.03703284330133876,0.05688527752930408,0.6043599257884972,1.8982494767442128,0.061224489795918366,6.289370390112597e-06,0.04041499290995447
oa_hb_tpm_map,3,clustered,98,0.749216515022097,9.880465728721518,0.6041207984767111,0.03773387782085606,0.05473782743650427,0.5954324586977648,1.8064106628833934,0.8510204081632654,2.1872167269521015e-05,0.0360291985210449
oa_hb_tpm_map,3,random,98,0.7480805444969243,9.869137485834049,0.598349152486997,0.03762327621747944,0.05540828633749359,0.5821185617103984,1.8786767669535784,0.4816326530612245,1.989892884985326e-05,0.03608533033663972
oa_hb_tpm_map,3,uniform,98,0.7479730106835344,9.81903679700917,0.5982313950139005,0.037369554710327324,0.054222475452234506,0.5792031098153547,1.8316833898134617,0.061224489795918366,1.765005010861851e-05,0.037506903331650715
oa_hb_tpm_map,5,clustered,98,0.7496235985029814,9.898249859465057,0.6062756794150874,0.0378734303619332,0.051905885395802966,0.4113856068743286,1.5000687938282948,0.9387755102040817,7.377116805342934e-05,0.03394751010073002
oa_hb_tpm_map,5,random,98,0.7474850895379637,9.906574033141364,0.6056487720998103,0.03782141963780226,0.04854629272024846,0.46369495166487645,1.4337734573663163,0.5510204081632653,4.855775870166113e-05,0.03399840570720174
oa_hb_tpm_map,5,uniform,98,0.7471042798551697,9.873389430977612,0.6001142460801803,0.037528471945195735,0.045035838719685424,0.5273899033297529,1.3285498855747182,0.030612244897959183,4.139789280435888e-05,0.035406790954079816
oa_hb_tpm_map,7,clustered,98,0.750074089179781,9.875489527161502,0.604111991703357,0.038008353518968294,0.05294907291096687,0.38343337334933975,1.3963515264385895,1.0,8.88858252066343e-05,0.031014372317633564
oa_hb_tpm_map,7,random,98,0.7464223235743805,9.924165124524645,0.6031847729900743,0.03790527353139247,0.04232267885449889,0.1489795918367347,0.48927958091141305,0.9408163265306123,8.519066287050206e-05,0.031024420765057462
oa_hb_tpm_map,7,uniform,98,0.7462912412030284,9.906493670988421,0.6031590892441143,0.0377270795252858,0.038298721976426135,0.03481392557022808,0.15941360715327432,0.030612244897959183,2.8431232695483026e-05,0.032405364911585084
oa_hb_tpm_map,10,clustered,98,0.7526734086456826,9.877291999204127,0.6044488392911841,0.038106190913109704,0.05382135302512617,0.4013119533527697,1.4760700641592883,0.6040816326530613,9.958515213521189e-05,0.027319416155259325
oa_hb_tpm_map,10,random,98,0.7471420621528693,9.885685643991296,0.6025311474654093,0.037791750141020285,0.038904234635814675,0.04810495626822157,0.18731026048220972,0.5102040816326531,7.411453351944661e-05,0.02730483910049858
oa_hb_tpm_map,10,uniform,98,0.7462180468134634,9.903726620786552,0.6024932173507513,0.03775211440741403,0.037777570133306494,0.013119533527696787,0.07577440623177278,0.10204081632653061,8.037810165455106e-05,0.028723965909769143
oa_hb_tpm_no_phase_alignment,2,clustered,98,0.7489376349592382,9.824480096927324,0.6007317760689949,0.03761647771663807,0.05790994050627456,0.6187384044526901,1.9424262901780711,0.9836734693877551,1.3121464534453146e-05,0.0386476998089109
oa_hb_tpm_no_phase_alignment,2,random,98,0.7487002158110926,9.78368222022842,0.5954291215168668,0.037474743907853006,0.05752357712813781,0.6150278293135436,1.9391840440076458,0.8530612244897958,1.416552100762049e-05,0.038673250741629375
oa_hb_tpm_no_phase_alignment,2,uniform,98,0.7475588456462493,9.718876166640419,0.5798731344414543,0.036986454931676946,0.05699070537348787,0.6057513914656772,1.9003042783271569,0.07142857142857142,6.519410344689815e-06,0.04313354160190004
oa_hb_tpm_no_phase_alignment,3,clustered,98,0.7492647814896399,9.88069019768854,0.6042002015089123,0.037729960313180835,0.05467727865111458,0.5959183673469388,1.7896454019702297,0.8632653061224489,2.1925568981199535e-05,0.03785108628644774
oa_hb_tpm_no_phase_alignment,3,random,98,0.7481385546747679,9.86633690078349,0.5981835604468704,0.037614771250483285,0.055385890922376044,0.5818270165208941,1.8650928882869113,0.4897959183673469,1.9918831754364207e-05,0.03787113112701593
oa_hb_tpm_no_phase_alignment,3,uniform,98,0.7480689296748295,9.81448299084324,0.59861659218848,0.03737170161793422,0.0543423901711191,0.5796890184645287,1.8135750238664285,0.04081632653061224,1.7212474427206146e-05,0.04069930903746609
oa_hb_tpm_no_phase_alignment,5,clustered,98,0.7496157554292727,9.898604861882456,0.6062236070174242,0.037874831302965734,0.05187867771530025,0.412781954887218,1.5058040882912813,0.9448979591836734,7.411911409112575e-05,0.034824709811875056
oa_hb_tpm_no_phase_alignment,5,random,98,0.74747992369826,9.906571430325872,0.6054315668200763,0.03781782597189346,0.04855685376999325,0.463265306122449,1.4377872341058406,0.5346938775510204,4.8699371759115356e-05,0.0348194763373241
oa_hb_tpm_no_phase_alignment,5,uniform,98,0.7470966136072074,9.87387731213387,0.5999929694893378,0.037527362207825044,0.045040553986874114,0.5300751879699248,1.329013019697866,0.04081632653061224,4.1493385282936405e-05,0.03734470258599941
oa_hb_tpm_no_phase_alignment,7,clustered,98,0.7500773442510171,9.875641210229654,0.6041305718968998,0.038009196107408785,0.052945771159566134,0.383313325330132,1.3997888776343352,1.0,8.897761524295172e-05,0.032144051661467776
oa_hb_tpm_no_phase_alignment,7,random,98,0.7464275887937623,9.92387818721231,0.6031620686578402,0.037904760429673605,0.042327876343410786,0.14933973589435773,0.4887652621867024,0.942857142857143,8.529688844094938e-05,0.032153656161675294
oa_hb_tpm_no_phase_alignment,7,uniform,98,0.7462921254308016,9.906494794357274,0.60313103776479,0.037726365542989554,0.03833569576773711,0.036614645858343335,0.15906982052201432,0.04081632653061224,2.848071041547214e-05,0.03462917751832195
oa_hb_tpm_no_phase_alignment,10,clustered,98,0.7526721259152407,9.877242126343504,0.6044663443982512,0.03810696616312674,0.05382871855126347,0.4021865889212828,1.4776710242274513,0.6040816326530613,9.962887000866551e-05,0.02805359786072247
oa_hb_tpm_no_phase_alignment,10,random,98,0.747142887287268,9.885168420685812,0.6025211118712718,0.03779134853952085,0.038904507975189004,0.04781341107871719,0.1882473016190768,0.5081632653061224,7.412399419655788e-05,0.02803175114380305
oa_hb_tpm_no_phase_alignment,10,uniform,98,0.7462167964570906,9.903030998537828,0.6024822450245839,0.037751704730017405,0.037780244283530134,0.014577259475218653,0.07599572409457328,0.10204081632653061,8.041811518949755e-05,0.030459328910944064
source_mean,2,clustered,98,0.74920245267661,9.775952099602833,0.5910058645541089,0.03706357014574562,0.03706357014574562,,,0.6326530612244898,0.021288993430195552,0.03523488803624114
source_mean,2,random,98,0.7487012746314408,9.765671536797491,0.5910058119804396,0.03702593671956228,0.03702593671956228,,,0.5183673469387755,0.02055827994166859,0.03532104399672952
source_mean,2,uniform,98,0.7470736440368828,9.764946522256011,0.5910057312210149,0.0368193790829759,0.0368193790829759,,,0.09183673469387756,0.018964151277477633,0.03774377737403367
source_mean,3,clustered,98,0.7498685676899205,9.776412651519022,0.5911789192134583,0.03708925252324156,0.03708925252324156,,,0.4857142857142857,0.01803070254783065,0.03359818602104343
source_mean,3,random,98,0.7486390322502888,9.787299420751529,0.5911788654300938,0.037063684464641325,0.037063684464641325,,,0.3591836734693878,0.01824508688572376,0.03358932957670894
source_mean,3,uniform,98,0.7483662132330974,9.754310051258289,0.5911787124075556,0.03683092313989688,0.03683092313989688,,,0.12244897959183673,0.020911535716197423,0.03413340594020801
source_mean,5,clustered,98,0.7510421824914191,9.758835577120935,0.5906301039234388,0.03709170879530051,0.03709170879530051,,,0.6428571428571429,0.017441550026795,0.031173108220670553
source_mean,5,random,98,0.7492448565398707,9.756893304909962,0.5906301668717597,0.03699939167317074,0.03699939167317074,,,0.5265306122448979,0.016458539205973878,0.031148659205064128
source_mean,5,uniform,98,0.7481723950850272,9.756748485015084,0.5906301393649968,0.036873671511302136,0.036873671511302136,,,0.11224489795918367,0.015545895775751523,0.031664377824422295
source_mean,7,clustered,98,0.7520968130749951,9.754343624612812,0.5905146420207118,0.03721352211408769,0.03721352211408769,,,0.39387755102040817,0.014446554992618748,0.028319993543400552
source_mean,7,random,98,0.748621637248129,9.776673357112893,0.5905146747014723,0.03705799209562183,0.03705799209562183,,,0.33877551020408164,0.016350205984365675,0.028307518072198196
source_mean,7,uniform,98,0.7482987615106861,9.762601334728089,0.5905146955648489,0.03689160034516632,0.03689160034516632,,,0.08163265306122448,0.017907984478741232,0.028925169736850116
source_mean,10,clustered,98,0.7547049160629645,9.780012870424606,0.5904207223142701,0.03741245964656066,0.03741245964656066,,,0.4346938775510204,0.015567690507884145,0.024703193632695703
source_mean,10,random,98,0.7495202747087774,9.749667828089677,0.5904207054710466,0.036959659291089145,0.036959659291089145,,,0.39591836734693875,0.017173438691605328,0.024754584494179863
source_mean,10,uniform,98,0.7484152204503464,9.763256343163158,0.5904207335228411,0.036924723269683934,0.036924723269683934,,,0.07142857142857142,0.01765204602923734,0.025312804911589694
target_only,2,clustered,98,0.7472482065554458,9.863290526413019,0.6046793647001762,0.03773648264836896,0.11485261672309463,0.44564007421150276,3.120768413845962,0.6183673469387755,1.4058819094546958e-13,0.03935755345143602
target_only,2,random,98,0.7468339086066057,9.851632941551912,0.6046046177031272,0.037715681131016796,0.11421649907620582,0.4409090909090909,3.1499974675432116,0.6204081632653061,1.6936261782705616e-13,0.03941585308377987
target_only,2,uniform,98,0.7454765827936906,9.844625757312576,0.6016202259688399,0.03750497772719478,0.11012574741426776,0.44851576994434134,3.1009267601390995,0.10204081632653061,7.787229394226875e-14,0.04339937862645526
target_only,3,clustered,98,0.7473355658931325,9.926662941463533,0.6056608235759552,0.037790144892523435,0.1184943492771411,0.5221574344023323,4.1051658770937465,0.8673469387755102,3.0259748205410645e-13,0.03818340493717739
target_only,3,random,98,0.7459614289261115,9.954244639041386,0.6074254991615446,0.037864228737141355,0.11780553619776449,0.5226433430515064,4.122031364724366,0.5816326530612245,4.647306430794427e-13,0.0382020930374725
target_only,3,uniform,98,0.7459908635860506,9.913366064932148,0.6082177908546216,0.03762907380884395,0.11353356968991606,0.5252672497570456,4.018295732252313,0.07142857142857142,2.1495628548945293e-13,0.040211481013696364
target_only,5,clustered,98,0.7486960689841481,9.9218510354836,0.6077894362407206,0.03783250982512012,0.10459205397233666,0.5693877551020409,4.002789875560816,0.9979591836734694,1.383703952962617e-11,0.034910569661201825
target_only,5,random,98,0.746836514532813,9.934328380309314,0.6082964094494832,0.037805907420661936,0.11403396686120905,0.5601503759398496,4.483402113349978,0.4612244897959184,2.3711946067619447e-11,0.0350233670989317
target_only,5,uniform,98,0.7458305837367238,9.921988531203663,0.6040037938814988,0.037578999625556886,0.11366507008063546,0.5671321160042965,4.541801920701805,0.08163265306122448,9.355812222680418e-13,0.03658995279633644
target_only,7,clustered,98,0.7492683697266508,9.876316417069946,0.6093447610235536,0.03778301092168805,0.09844939619758904,0.4907563025210084,3.773574429252973,1.0,2.608448488081455e-07,0.03258911985856457
target_only,7,random,98,0.745413487581635,9.938781672898122,0.607548833928124,0.03774358478887952,0.05560467080118092,0.2454981992797119,1.2833581120791793,0.926530612244898,4.896661543752979e-09,0.032608131520754174
target_only,7,uniform,98,0.7453269326051501,9.92045375966589,0.6075011905735994,0.03756370523716413,0.03812074032136976,0.04261704681872749,0.16712773583114984,0.14285714285714285,9.483063709602189e-13,0.034532908768374046
target_only,10,clustered,98,0.751357837950536,9.906685636731394,0.6084788100622884,0.03787195792003549,0.09474992467736706,0.5113702623906705,3.3969269553092216,0.0020408163265306124,7.040832736038283e-06,0.0286101265791423
target_only,10,random,98,0.7462727269813252,9.918839334027316,0.6092071459854872,0.03765315051019491,0.03911521786785851,0.06778425655976675,0.2249352175622011,0.01020408163265306,1.041025820816025e-05,0.028623230911183066
target_only,10,uniform,98,0.7453767873601608,9.935109661027575,0.6092045612947822,0.03761193978277087,0.03755761541388164,0.017492711370262384,0.06799837074689569,0.07142857142857142,1.6405605824542767e-05,0.030387012753635596
