k,strategy,metric,method_id,mean,rank
2,clustered,mean_hidden_dice,hb_tpm_latent_mse,0.7512758172158149,1
2,clustered,mean_hidden_dice,source_mean,0.74920245267661,2
2,clustered,mean_hidden_dice,oa_hb_tpm_no_phase_alignment,0.7489376349592382,3
2,clustered,mean_hidden_dice,oa_hb_tpm_isotropic_prior,0.7489027380567711,4
2,clustered,mean_hidden_dice,oa_hb_tpm_map,0.7483792272524358,5
2,clustered,mean_hidden_dice,target_only,0.7472482065554458,6
2,clustered,mean_hidden_hd95_px,hb_tpm_latent_mse,9.65185977579478,1
2,clustered,mean_hidden_hd95_px,source_mean,9.775952099602833,2
2,clustered,mean_hidden_hd95_px,oa_hb_tpm_no_phase_alignment,9.824480096927324,3
2,clustered,mean_hidden_hd95_px,oa_hb_tpm_isotropic_prior,9.825131428788573,4
2,clustered,mean_hidden_hd95_px,oa_hb_tpm_map,9.835566801820827,5
2,clustered,mean_hidden_hd95_px,target_only,9.863290526413019,6
2,clustered,area_curve_relative_rmse,source_mean,0.5910058645541089,1
2,clustered,area_curve_relative_rmse,hb_tpm_latent_mse,0.59513421882539,2
2,clustered,area_curve_relative_rmse,oa_hb_tpm_no_phase_alignment,0.6007317760689949,3
2,clustered,area_curve_relative_rmse,oa_hb_tpm_isotropic_prior,0.6008470703597426,4
2,clustered,area_curve_relative_rmse,oa_hb_tpm_map,0.6035683000811113,5
2,clustered,area_curve_relative_rmse,target_only,0.6046793647001762,6
2,random,mean_hidden_dice,hb_tpm_latent_mse,0.7512316684376658,1
2,random,mean_hidden_dice,source_mean,0.7487012746314408,2
2,random,mean_hidden_dice,oa_hb_tpm_no_phase_alignment,0.7487002158110926,3
2,random,mean_hidden_dice,oa_hb_tpm_isotropic_prior,0.7486813448421835,4
2,random,mean_hidden_dice,oa_hb_tpm_map,0.7480995973005349,5
2,random,mean_hidden_dice,target_only,0.7468339086066057,6
2,random,mean_hidden_hd95_px,hb_tpm_latent_mse,9.60275888111512,1
2,random,mean_hidden_hd95_px,source_mean,9.765671536797491,2
2,random,mean_hidden_hd95_px,oa_hb_tpm_isotropic_prior,9.781852700699158,3
2,random,mean_hidden_hd95_px,oa_hb_tpm_no_phase_alignment,9.78368222022842,4
2,random,mean_hidden_hd95_px,oa_hb_tpm_map,9.795665680641704,5
2,random,mean_hidden_hd95_px,target_only,9.851632941551912,6
2,random,area_curve_relative_rmse,hb_tpm_latent_mse,0.5903371520776214,1
2,random,area_curve_relative_rmse,source_mean,0.5910058119804396,2
2,random,area_curve_relative_rmse,oa_hb_tpm_isotropic_prior,0.595263142019356,3
2,random,area_curve_relative_rmse,oa_hb_tpm_no_phase_alignment,0.5954291215168668,4
2,random,area_curve_relative_rmse,oa_hb_tpm_map,0.5984420888400708,5
2,random,area_curve_relative_rmse,target_only,0.6046046177031272,6
2,uniform,mean_hidden_dice,hb_tpm_latent_mse,0.7516867134592676,1
2,uniform,mean_hidden_dice,oa_hb_tpm_no_phase_alignment,0.7475588456462493,2
2,uniform,mean_hidden_dice,oa_hb_tpm_isotropic_prior,0.7475546498152362,3
2,uniform,mean_hidden_dice,oa_hb_tpm_map,0.7471067693234541,4
2,uniform,mean_hidden_dice,source_mean,0.7470736440368828,5
2,uniform,mean_hidden_dice,target_only,0.7454765827936906,6
2,uniform,mean_hidden_hd95_px,hb_tpm_latent_mse,9.455239731290337,1
2,uniform,mean_hidden_hd95_px,oa_hb_tpm_isotropic_prior,9.713369400018284,2
2,uniform,mean_hidden_hd95_px,oa_hb_tpm_no_phase_alignment,9.718876166640419,3
2,uniform,mean_hidden_hd95_px,oa_hb_tpm_map,9.723127745901676,4
2,uniform,mean_hidden_hd95_px,source_mean,9.764946522256011,5
2,uniform,mean_hidden_hd95_px,target_only,9.844625757312576,6
2,uniform,area_curve_relative_rmse,hb_tpm_latent_mse,0.5730595039356281,1
2,uniform,area_curve_relative_rmse,oa_hb_tpm_isotropic_prior,0.5791716542656444,2
2,uniform,area_curve_relative_rmse,oa_hb_tpm_no_phase_alignment,0.5798731344414543,3
2,uniform,area_curve_relative_rmse,oa_hb_tpm_map,0.5811139336915222,4
2,uniform,area_curve_relative_rmse,source_mean,0.5910057312210149,5
2,uniform,area_curve_relative_rmse,target_only,0.6016202259688399,6
3,clustered,mean_hidden_dice,hb_tpm_latent_mse,0.7514918375627478,1
3,clustered,mean_hidden_dice,source_mean,0.7498685676899205,2
3,clustered,mean_hidden_dice,oa_hb_tpm_no_phase_alignment,0.7492647814896399,3
3,clustered,mean_hidden_dice,oa_hb_tpm_map,0.749216515022097,4
3,clustered,mean_hidden_dice,oa_hb_tpm_isotropic_prior,0.7491786255129678,5
3,clustered,mean_hidden_dice,target_only,0.7473355658931325,6
3,clustered,mean_hidden_hd95_px,hb_tpm_latent_mse,9.514835776465812,1
3,clustered,mean_hidden_hd95_px,source_mean,9.776412651519022,2
3,clustered,mean_hidden_hd95_px,oa_hb_tpm_map,9.880465728721518,3
3,clustered,mean_hidden_hd95_px,oa_hb_tpm_no_phase_alignment,9.88069019768854,4
3,clustered,mean_hidden_hd95_px,oa_hb_tpm_isotropic_prior,9.882032017268388,5
3,clustered,mean_hidden_hd95_px,target_only,9.926662941463533,6
3,clustered,area_curve_relative_rmse,hb_tpm_latent_mse,0.5721483531023602,1
3,clustered,area_curve_relative_rmse,source_mean,0.5911789192134583,2
3,clustered,area_curve_relative_rmse,oa_hb_tpm_isotropic_prior,0.6040832238366379,3
3,clustered,area_curve_relative_rmse,oa_hb_tpm_map,0.6041207984767111,4
3,clustered,area_curve_relative_rmse,oa_hb_tpm_no_phase_alignment,0.6042002015089123,5
3,clustered,area_curve_relative_rmse,target_only,0.6056608235759552,6
3,random,mean_hidden_dice,hb_tpm_latent_mse,0.750507034901643,1
3,random,mean_hidden_dice,source_mean,0.7486390322502888,2
3,random,mean_hidden_dice,oa_hb_tpm_no_phase_alignment,0.7481385546747679,3
3,random,mean_hidden_dice,oa_hb_tpm_map,0.7480805444969243,4
3,random,mean_hidden_dice,oa_hb_tpm_isotropic_prior,0.7480485102467037,5
3,random,mean_hidden_dice,target_only,0.7459614289261115,6
3,random,mean_hidden_hd95_px,hb_tpm_latent_mse,9.511790019487588,1
3,random,mean_hidden_hd95_px,source_mean,9.787299420751529,2
3,random,mean_hidden_hd95_px,oa_hb_tpm_no_phase_alignment,9.86633690078349,3
3,random,mean_hidden_hd95_px,oa_hb_tpm_isotropic_prior,9.868093185423035,4
3,random,mean_hidden_hd95_px,oa_hb_tpm_map,9.869137485834049,5
3,random,mean_hidden_hd95_px,target_only,9.954244639041386,6
3,random,area_curve_relative_rmse,hb_tpm_latent_mse,0.5708590355549349,1
3,random,area_curve_relative_rmse,source_mean,0.5911788654300938,2
3,random,area_curve_relative_rmse,oa_hb_tpm_no_phase_alignment,0.5981835604468704,3
3,random,area_curve_relative_rmse,oa_hb_tpm_isotropic_prior,0.5982594429404432,4
3,random,area_curve_relative_rmse,oa_hb_tpm_map,0.598349152486997,5
3,random,area_curve_relative_rmse,target_only,0.6074254991615446,6
3,uniform,mean_hidden_dice,hb_tpm_latent_mse,0.7503705524379756,1
3,uniform,mean_hidden_dice,source_mean,0.7483662132330974,2
3,uniform,mean_hidden_dice,oa_hb_tpm_no_phase_alignment,0.7480689296748295,3
3,uniform,mean_hidden_dice,oa_hb_tpm_map,0.7479730106835344,4
3,uniform,mean_hidden_dice,oa_hb_tpm_isotropic_prior,0.7479324822199654,5
3,uniform,mean_hidden_dice,target_only,0.7459908635860506,6
3,uniform,mean_hidden_hd95_px,hb_tpm_latent_mse,9.461456218942963,1
3,uniform,mean_hidden_hd95_px,source_mean,9.754310051258289,2
3,uniform,mean_hidden_hd95_px,oa_hb_tpm_no_phase_alignment,9.81448299084324,3
3,uniform,mean_hidden_hd95_px,oa_hb_tpm_isotropic_prior,9.818369987092966,4
3,uniform,mean_hidden_hd95_px,oa_hb_tpm_map,9.81903679700917,5
3,uniform,mean_hidden_hd95_px,target_only,9.913366064932148,6
3,uniform,area_curve_relative_rmse,hb_tpm_latent_mse,0.5687402711385975,1
3,uniform,area_curve_relative_rmse,source_mean,0.5911787124075556,2
3,uniform,area_curve_relative_rmse,oa_hb_tpm_map,0.5982313950139005,3
3,uniform,area_curve_relative_rmse,oa_hb_tpm_isotropic_prior,0.598267894098909,4
3,uniform,area_curve_relative_rmse,oa_hb_tpm_no_phase_alignment,0.59861659218848,5
3,uniform,area_curve_relative_rmse,target_only,0.6082177908546216,6
5,clustered,mean_hidden_dice,hb_tpm_latent_mse,0.7545133829564483,1
5,clustered,mean_hidden_dice,source_mean,0.7510421824914191,2
5,clustered,mean_hidden_dice,oa_hb_tpm_map,0.7496235985029814,3
5,clustered,mean_hidden_dice,oa_hb_tpm_no_phase_alignment,0.7496157554292727,4
5,clustered,mean_hidden_dice,oa_hb_tpm_isotropic_prior,0.7496122290280227,5
5,clustered,mean_hidden_dice,target_only,0.7486960689841481,6
5,clustered,mean_hidden_hd95_px,hb_tpm_latent_mse,9.468726137882527,1
5,clustered,mean_hidden_hd95_px,source_mean,9.758835577120935,2
5,clustered,mean_hidden_hd95_px,oa_hb_tpm_isotropic_prior,9.896535032538019,3
5,clustered,mean_hidden_hd95_px,oa_hb_tpm_map,9.898249859465057,4
5,clustered,mean_hidden_hd95_px,oa_hb_tpm_no_phase_alignment,9.898604861882456,5
5,clustered,mean_hidden_hd95_px,target_only,9.9218510354836,6
5,clustered,area_curve_relative_rmse,hb_tpm_latent_mse,0.5723646330863252,1
5,clustered,area_curve_relative_rmse,source_mean,0.5906301039234388,2
5,clustered,area_curve_relative_rmse,oa_hb_tpm_no_phase_alignment,0.6062236070174242,3
5,clustered,area_curve_relative_rmse,oa_hb_tpm_map,0.6062756794150874,4
5,clustered,area_curve_relative_rmse,oa_hb_tpm_isotropic_prior,0.6065508974743439,5
5,clustered,area_curve_relative_rmse,target_only,0.6077894362407206,6
5,random,mean_hidden_dice,hb_tpm_latent_mse,0.7519335862763022,1
5,random,mean_hidden_dice,source_mean,0.7492448565398707,2
5,random,mean_hidden_dice,oa_hb_tpm_map,0.7474850895379637,3
5,random,mean_hidden_dice,oa_hb_tpm_no_phase_alignment,0.74747992369826,4
5,random,mean_hidden_dice,oa_hb_tpm_isotropic_prior,0.7474603538252778,5
5,random,mean_hidden_dice,target_only,0.746836514532813,6
5,random,mean_hidden_hd95_px,hb_tpm_latent_mse,9.460829365483606,1
5,random,mean_hidden_hd95_px,source_mean,9.756893304909962,2
5,random,mean_hidden_hd95_px,oa_hb_tpm_isotropic_prior,9.906499069272721,3
5,random,mean_hidden_hd95_px,oa_hb_tpm_no_phase_alignment,9.906571430325872,4
5,random,mean_hidden_hd95_px,oa_hb_tpm_map,9.906574033141364,5
5,random,mean_hidden_hd95_px,target_only,9.934328380309314,6
5,random,area_curve_relative_rmse,hb_tpm_latent_mse,0.5707816616873622,1
5,random,area_curve_relative_rmse,source_mean,0.5906301668717597,2
5,random,area_curve_relative_rmse,oa_hb_tpm_no_phase_alignment,0.6054315668200763,3
5,random,area_curve_relative_rmse,oa_hb_tpm_map,0.6056487720998103,4
5,random,area_curve_relative_rmse,oa_hb_tpm_isotropic_prior,0.6059828515180079,5
5,random,area_curve_relative_rmse,target_only,0.6082964094494832,6
5,uniform,mean_hidden_dice,hb_tpm_latent_mse,0.7508571628909138,1
5,uniform,mean_hidden_dice,source_mean,0.7481723950850272,2
5,uniform,mean_hidden_dice,oa_hb_tpm_map,0.7471042798551697,3
5,uniform,mean_hidden_dice,oa_hb_tpm_no_phase_alignment,0.7470966136072074,4
5,uniform,mean_hidden_dice,oa_hb_tpm_isotropic_prior,0.7470471596217075,5
5,uniform,mean_hidden_dice,target_only,0.7458305837367238,6
5,uniform,mean_hidden_hd95_px,hb_tpm_latent_mse,9.424113080192768,1
5,uniform,mean_hidden_hd95_px,source_mean,9.756748485015084,2
5,uniform,mean_hidden_hd95_px,oa_hb_tpm_map,9.873389430977612,3
5,uniform,mean_hidden_hd95_px,oa_hb_tpm_no_phase_alignment,9.87387731213387,4
5,uniform,mean_hidden_hd95_px,oa_hb_tpm_isotropic_prior,9.88182987088687,5
5,uniform,mean_hidden_hd95_px,target_only,9.921988531203663,6
5,uniform,area_curve_relative_rmse,hb_tpm_latent_mse,0.5658063992653101,1
5,uniform,area_curve_relative_rmse,source_mean,0.5906301393649968,2
5,uniform,area_curve_relative_rmse,oa_hb_tpm_no_phase_alignment,0.5999929694893378,3
5,uniform,area_curve_relative_rmse,oa_hb_tpm_map,0.6001142460801803,4
5,uniform,area_curve_relative_rmse,oa_hb_tpm_isotropic_prior,0.6008722339762528,5
5,uniform,area_curve_relative_rmse,target_only,0.6040037938814988,6
7,clustered,mean_hidden_dice,hb_tpm_latent_mse,0.7575589756469854,1
7,clustered,mean_hidden_dice,source_mean,0.7520968130749951,2
7,clustered,mean_hidden_dice,oa_hb_tpm_no_phase_alignment,0.7500773442510171,3
7,clustered,mean_hidden_dice,oa_hb_tpm_map,0.750074089179781,4
7,clustered,mean_hidden_dice,oa_hb_tpm_isotropic_prior,0.7500485893780544,5
7,clustered,mean_hidden_dice,target_only,0.7492683697266508,6
7,clustered,mean_hidden_hd95_px,hb_tpm_latent_mse,9.275490707437948,1
7,clustered,mean_hidden_hd95_px,source_mean,9.754343624612812,2
7,clustered,mean_hidden_hd95_px,oa_hb_tpm_map,9.875489527161502,3
7,clustered,mean_hidden_hd95_px,oa_hb_tpm_no_phase_alignment,9.875641210229654,4
7,clustered,mean_hidden_hd95_px,target_only,9.876316417069946,5
7,clustered,mean_hidden_hd95_px,oa_hb_tpm_isotropic_prior,9.877186167183071,6
7,clustered,area_curve_relative_rmse,hb_tpm_latent_mse,0.5539589413086441,1
7,clustered,area_curve_relative_rmse,source_mean,0.5905146420207118,2
7,clustered,area_curve_relative_rmse,oa_hb_tpm_map,0.604111991703357,3
7,clustered,area_curve_relative_rmse,oa_hb_tpm_no_phase_alignment,0.6041305718968998,4
7,clustered,area_curve_relative_rmse,oa_hb_tpm_isotropic_prior,0.6042297100903637,5
7,clustered,area_curve_relative_rmse,target_only,0.6093447610235536,6
7,random,mean_hidden_dice,hb_tpm_latent_mse,0.7540931899906548,1
7,random,mean_hidden_dice,source_mean,0.748621637248129,2
7,random,mean_hidden_dice,oa_hb_tpm_isotropic_prior,0.7464298044511182,3
7,random,mean_hidden_dice,oa_hb_tpm_no_phase_alignment,0.7464275887937623,4
7,random,mean_hidden_dice,oa_hb_tpm_map,0.7464223235743805,5
7,random,mean_hidden_dice,target_only,0.745413487581635,6
7,random,mean_hidden_hd95_px,hb_tpm_latent_mse,9.21534909885264,1
7,random,mean_hidden_hd95_px,source_mean,9.776673357112893,2
7,random,mean_hidden_hd95_px,oa_hb_tpm_no_phase_alignment,9.92387818721231,3
7,random,mean_hidden_hd95_px,oa_hb_tpm_map,9.924165124524645,4
7,random,mean_hidden_hd95_px,oa_hb_tpm_isotropic_prior,9.924708075211692,5
7,random,mean_hidden_hd95_px,target_only,9.938781672898122,6
7,random,area_curve_relative_rmse,hb_tpm_latent_mse,0.5455808860750857,1
7,random,area_curve_relative_rmse,source_mean,0.5905146747014723,2
7,random,area_curve_relative_rmse,oa_hb_tpm_isotropic_prior,0.6031566445579638,3
7,random,area_curve_relative_rmse,oa_hb_tpm_no_phase_alignment,0.6031620686578402,4
7,random,area_curve_relative_rmse,oa_hb_tpm_map,0.6031847729900743,5
7,random,area_curve_relative_rmse,target_only,0.607548833928124,6
7,uniform,mean_hidden_dice,hb_tpm_latent_mse,0.7530929900819757,1
7,uniform,mean_hidden_dice,source_mean,0.7482987615106861,2
7,uniform,mean_hidden_dice,oa_hb_tpm_isotropic_prior,0.7463035870694995,3
7,uniform,mean_hidden_dice,oa_hb_tpm_no_phase_alignment,0.7462921254308016,4
7,uniform,mean_hidden_dice,oa_hb_tpm_map,0.7462912412030284,5
7,uniform,mean_hidden_dice,target_only,0.7453269326051501,6
7,uniform,mean_hidden_hd95_px,hb_tpm_latent_mse,9.213684253645436,1
7,uniform,mean_hidden_hd95_px,source_mean,9.762601334728089,2
7,uniform,mean_hidden_hd95_px,oa_hb_tpm_isotropic_prior,9.906442477407378,3
7,uniform,mean_hidden_hd95_px,oa_hb_tpm_map,9.906493670988421,4
7,uniform,mean_hidden_hd95_px,oa_hb_tpm_no_phase_alignment,9.906494794357274,5
7,uniform,mean_hidden_hd95_px,target_only,9.92045375966589,6
7,uniform,area_curve_relative_rmse,hb_tpm_latent_mse,0.5421591453665859,1
7,uniform,area_curve_relative_rmse,source_mean,0.5905146955648489,2
7,uniform,area_curve_relative_rmse,oa_hb_tpm_isotropic_prior,0.6030415314002876,3
7,uniform,area_curve_relative_rmse,oa_hb_tpm_no_phase_alignment,0.60313103776479,4
7,uniform,area_curve_relative_rmse,oa_hb_tpm_map,0.6031590892441143,5
7,uniform,area_curve_relative_rmse,target_only,0.6075011905735994,6
10,clustered,mean_hidden_dice,hb_tpm_latent_mse,0.7592732446840198,1
10,clustered,mean_hidden_dice,source_mean,0.7547049160629645,2
10,clustered,mean_hidden_dice,oa_hb_tpm_map,0.7526734086456826,3
10,clustered,mean_hidden_dice,oa_hb_tpm_no_phase_alignment,0.7526721259152407,4
10,clustered,mean_hidden_dice,oa_hb_tpm_isotropic_prior,0.7526580296896612,5
10,clustered,mean_hidden_dice,target_only,0.751357837950536,6
10,clustered,mean_hidden_hd95_px,hb_tpm_latent_mse,9.372345819218195,1
10,clustered,mean_hidden_hd95_px,source_mean,9.780012870424606,2
10,clustered,mean_hidden_hd95_px,oa_hb_tpm_no_phase_alignment,9.877242126343504,3
10,clustered,mean_hidden_hd95_px,oa_hb_tpm_map,9.877291999204127,4
10,clustered,mean_hidden_hd95_px,oa_hb_tpm_isotropic_prior,9.879152075121937,5
10,clustered,mean_hidden_hd95_px,target_only,9.906685636731394,6
10,clustered,area_curve_relative_rmse,hb_tpm_latent_mse,0.5600405790010129,1
10,clustered,area_curve_relative_rmse,source_mean,0.5904207223142701,2
10,clustered,area_curve_relative_rmse,oa_hb_tpm_map,0.6044488392911841,3
10,clustered,area_curve_relative_rmse,oa_hb_tpm_no_phase_alignment,0.6044663443982512,4
10,clustered,area_curve_relative_rmse,oa_hb_tpm_isotropic_prior,0.6046028393350982,5
10,clustered,area_curve_relative_rmse,target_only,0.6084788100622884,6
10,random,mean_hidden_dice,hb_tpm_latent_mse,0.755518380645409,1
10,random,mean_hidden_dice,source_mean,0.7495202747087774,2
10,random,mean_hidden_dice,oa_hb_tpm_isotropic_prior,0.7471494259823303,3
10,random,mean_hidden_dice,oa_hb_tpm_no_phase_alignment,0.747142887287268,4
10,random,mean_hidden_dice,oa_hb_tpm_map,0.7471420621528693,5
10,random,mean_hidden_dice,target_only,0.7462727269813252,6
10,random,mean_hidden_hd95_px,hb_tpm_latent_mse,9.217055713938972,1
10,random,mean_hidden_hd95_px,source_mean,9.749667828089677,2
10,random,mean_hidden_hd95_px,oa_hb_tpm_no_phase_alignment,9.885168420685812,3
10,random,mean_hidden_hd95_px,oa_hb_tpm_map,9.885685643991296,4
10,random,mean_hidden_hd95_px,oa_hb_tpm_isotropic_prior,9.886565983383393,5
10,random,mean_hidden_hd95_px,target_only,9.918839334027316,6
10,random,area_curve_relative_rmse,hb_tpm_latent_mse,0.5448501437895169,1
10,random,area_curve_relative_rmse,source_mean,0.5904207054710466,2
10,random,area_curve_relative_rmse,oa_hb_tpm_isotropic_prior,0.6023803050034104,3
10,random,area_curve_relative_rmse,oa_hb_tpm_no_phase_alignment,0.6025211118712718,4
10,random,area_curve_relative_rmse,oa_hb_tpm_map,0.6025311474654093,5
10,random,area_curve_relative_rmse,target_only,0.6092071459854872,6
10,uniform,mean_hidden_dice,hb_tpm_latent_mse,0.7541577075962426,1
10,uniform,mean_hidden_dice,source_mean,0.7484152204503464,2
10,uniform,mean_hidden_dice,oa_hb_tpm_isotropic_prior,0.7462222914605349,3
10,uniform,mean_hidden_dice,oa_hb_tpm_map,0.7462180468134634,4
10,uniform,mean_hidden_dice,oa_hb_tpm_no_phase_alignment,0.7462167964570906,5
10,uniform,mean_hidden_dice,target_only,0.7453767873601608,6
10,uniform,mean_hidden_hd95_px,hb_tpm_latent_mse,9.248644048340571,1
10,uniform,mean_hidden_hd95_px,source_mean,9.763256343163158,2
10,uniform,mean_hidden_hd95_px,oa_hb_tpm_no_phase_alignment,9.903030998537828,3
10,uniform,mean_hidden_hd95_px,oa_hb_tpm_map,9.903726620786552,4
10,uniform,mean_hidden_hd95_px,oa_hb_tpm_isotropic_prior,9.905149840890463,5
10,uniform,mean_hidden_hd95_px,target_only,9.935109661027575,6
10,uniform,area_curve_relative_rmse,hb_tpm_latent_mse,0.5434535829840756,1
10,uniform,area_curve_relative_rmse,source_mean,0.5904207335228411,2
10,uniform,area_curve_relative_rmse,oa_hb_tpm_isotropic_prior,0.6023236878540298,3
10,uniform,area_curve_relative_rmse,oa_hb_tpm_no_phase_alignment,0.6024822450245839,4
10,uniform,area_curve_relative_rmse,oa_hb_tpm_map,0.6024932173507513,5
10,uniform,area_curve_relative_rmse,target_only,0.6092045612947822,6
