method_id,k,metric,mean,bootstrap_95_lower,bootstrap_95_upper
hb_tpm_latent_mse,2,mean_hidden_dice,0.7513980663709162,0.7321035195974567,0.7699757720647633
hb_tpm_latent_mse,2,mean_hidden_hd95_px,9.569952796066744,8.750867595656159,10.40014233462691
hb_tpm_latent_mse,2,area_curve_relative_rmse,0.5861769582795465,0.5109276156234631,0.6660792640714811
hb_tpm_latent_mse,3,mean_hidden_dice,0.7507898083007888,0.7310758668503451,0.7701205871956173
hb_tpm_latent_mse,3,mean_hidden_hd95_px,9.49602733829879,8.688787514498253,10.34186854133014
hb_tpm_latent_mse,3,area_curve_relative_rmse,0.5705825532652975,0.49568356887244563,0.6477697387280325
hb_tpm_latent_mse,5,mean_hidden_dice,0.7524347107078881,0.7328192952905445,0.7709719042883982
hb_tpm_latent_mse,5,mean_hidden_hd95_px,9.4512228611863,8.6431813329795,10.269110883559136
hb_tpm_latent_mse,5,area_curve_relative_rmse,0.5696508980129992,0.49410567664116045,0.6442030488019055
hb_tpm_latent_mse,7,mean_hidden_dice,0.7549150519065387,0.7350607666035917,0.7740031018787237
hb_tpm_latent_mse,7,mean_hidden_hd95_px,9.234841353312008,8.423981007639698,10.072177948143345
hb_tpm_latent_mse,7,area_curve_relative_rmse,0.547232990916772,0.4730511802706597,0.6218277693217661
hb_tpm_latent_mse,10,mean_hidden_dice,0.7563164443085569,0.7364571785496931,0.7755769983719746
hb_tpm_latent_mse,10,mean_hidden_hd95_px,9.279348527165913,8.480367083398333,10.11583996062047
hb_tpm_latent_mse,10,area_curve_relative_rmse,0.5494481019248685,0.4740998513665463,0.6251858122238151
oa_hb_tpm_isotropic_prior,2,mean_hidden_dice,0.7483795775713971,0.7284303939332928,0.7676288067914684
oa_hb_tpm_isotropic_prior,2,mean_hidden_hd95_px,9.773451176502006,8.914405509251191,10.6181658436878
oa_hb_tpm_isotropic_prior,2,area_curve_relative_rmse,0.5917606222149144,0.5160372417636578,0.6671643871452221
oa_hb_tpm_isotropic_prior,3,mean_hidden_dice,0.7483865393265458,0.728852197738779,0.7673166776799012
oa_hb_tpm_isotropic_prior,3,mean_hidden_hd95_px,9.856165063261463,8.981396432057544,10.743168241773976
oa_hb_tpm_isotropic_prior,3,area_curve_relative_rmse,0.6002035202919968,0.5254312170600578,0.6780858312307314
oa_hb_tpm_isotropic_prior,5,mean_hidden_dice,0.7480399141583361,0.7283844887214621,0.7678462901397679
oa_hb_tpm_isotropic_prior,5,mean_hidden_hd95_px,9.894954657565869,9.048304462081937,10.809843003866929
oa_hb_tpm_isotropic_prior,5,area_curve_relative_rmse,0.6044686609895349,0.5303671416540839,0.6820384800263453
oa_hb_tpm_isotropic_prior,7,mean_hidden_dice,0.7475939936328907,0.7277688528313733,0.7670116461518168
oa_hb_tpm_isotropic_prior,7,mean_hidden_hd95_px,9.902778906600714,9.06547070977042,10.80257421904271
oa_hb_tpm_isotropic_prior,7,area_curve_relative_rmse,0.603475962016205,0.527315052387608,0.6803380630056939
oa_hb_tpm_isotropic_prior,10,mean_hidden_dice,0.7486765823775089,0.728853249180651,0.7677643281008476
oa_hb_tpm_isotropic_prior,10,mean_hidden_hd95_px,9.890289299798598,9.017446812101152,10.790621572370686
oa_hb_tpm_isotropic_prior,10,area_curve_relative_rmse,0.6031022773975128,0.5285992709813555,0.6807308828290697
oa_hb_tpm_map,2,mean_hidden_dice,0.747861864625475,0.7274210218040187,0.7674728737622601
oa_hb_tpm_map,2,mean_hidden_hd95_px,9.784786742788068,8.939849092283922,10.703447331867146
oa_hb_tpm_map,2,area_curve_relative_rmse,0.5943747742042347,0.5186300735558387,0.6732726760716333
oa_hb_tpm_map,3,mean_hidden_dice,0.7484233567341851,0.7288571246430523,0.7680112103590748
oa_hb_tpm_map,3,mean_hidden_hd95_px,9.856213337188246,8.967284266747729,10.74420565729347
oa_hb_tpm_map,3,area_curve_relative_rmse,0.6002337819925363,0.5240972193663381,0.6760513025527414
oa_hb_tpm_map,5,mean_hidden_dice,0.748070989298705,0.7284906445898399,0.7678038943566817
oa_hb_tpm_map,5,mean_hidden_hd95_px,9.892737774528012,9.060445244084566,10.78096835001776
oa_hb_tpm_map,5,area_curve_relative_rmse,0.6040128991983593,0.5297738389560478,0.6830270431120062
oa_hb_tpm_map,7,mean_hidden_dice,0.7475958846523967,0.7275654538582117,0.7664917310660104
oa_hb_tpm_map,7,mean_hidden_hd95_px,9.902049440891522,9.03812828322212,10.79597642353448
oa_hb_tpm_map,7,area_curve_relative_rmse,0.6034852846458486,0.5290496175005627,0.678844038218165
oa_hb_tpm_map,10,mean_hidden_dice,0.7486778392040051,0.7288256343771768,0.767891656051735
oa_hb_tpm_map,10,mean_hidden_hd95_px,9.888901421327326,9.064248491967373,10.79322789445641
oa_hb_tpm_map,10,area_curve_relative_rmse,0.6031577347024483,0.5277425106389779,0.6792559855289253
oa_hb_tpm_no_phase_alignment,2,mean_hidden_dice,0.7483988988055267,0.728989771546861,0.7672536459268225
oa_hb_tpm_no_phase_alignment,2,mean_hidden_hd95_px,9.775679494598721,8.953589437469507,10.651265282531151
oa_hb_tpm_no_phase_alignment,2,area_curve_relative_rmse,0.5920113440091054,0.516777748771063,0.667126887564543
oa_hb_tpm_no_phase_alignment,3,mean_hidden_dice,0.7484907552797457,0.7285919469315261,0.7677725772445799
oa_hb_tpm_no_phase_alignment,3,mean_hidden_hd95_px,9.853836696438425,9.005189636225122,10.733578194848262
oa_hb_tpm_no_phase_alignment,3,area_curve_relative_rmse,0.6003334513814209,0.5235693597354399,0.6772211696601298
oa_hb_tpm_no_phase_alignment,5,mean_hidden_dice,0.7480640975782468,0.7281050972166482,0.7669155064110426
oa_hb_tpm_no_phase_alignment,5,mean_hidden_hd95_px,9.893017868114065,9.036800238698852,10.771352704372612
oa_hb_tpm_no_phase_alignment,5,area_curve_relative_rmse,0.6038827144422795,0.52872474558731,0.6820438309705753
oa_hb_tpm_no_phase_alignment,7,mean_hidden_dice,0.7475990194918604,0.7279228329486812,0.7661136246187945
oa_hb_tpm_no_phase_alignment,7,mean_hidden_hd95_px,9.902004730599746,9.053657962486334,10.782350718259286
oa_hb_tpm_no_phase_alignment,7,area_curve_relative_rmse,0.6034745594398433,0.531104488085093,0.6769440413374062
oa_hb_tpm_no_phase_alignment,10,mean_hidden_dice,0.7486772698865332,0.7288605626954882,0.7677325602421736
oa_hb_tpm_no_phase_alignment,10,mean_hidden_hd95_px,9.888480515189046,9.061363541404898,10.786971581348904
oa_hb_tpm_no_phase_alignment,10,area_curve_relative_rmse,0.6031565670980357,0.5323262667468084,0.6773630555907831
source_mean,2,mean_hidden_dice,0.7483257904483112,0.7278278525088682,0.7668974128803584
source_mean,2,mean_hidden_hd95_px,9.76885671955211,8.942456127959966,10.663532676922182
source_mean,2,area_curve_relative_rmse,0.5910058025851878,0.5155831965348735,0.6665833008616779
source_mean,3,mean_hidden_dice,0.7489579377244354,0.7296446124575918,0.7680212238996316
source_mean,3,mean_hidden_hd95_px,9.772674041176282,8.923244584227984,10.656002095289887
source_mean,3,area_curve_relative_rmse,0.5911788323503694,0.5154422796633119,0.6694109592128967
source_mean,5,mean_hidden_dice,0.7494864780387723,0.7293008556232222,0.7690763516207018
source_mean,5,mean_hidden_hd95_px,9.757492455681994,8.910523482984864,10.606696559562828
source_mean,5,area_curve_relative_rmse,0.590630136720065,0.514832400363695,0.6676565088390825
source_mean,7,mean_hidden_dice,0.7496724039446035,0.7294223751543313,0.7684766248225992
source_mean,7,mean_hidden_hd95_px,9.76453943881793,8.921863635264017,10.646133300639196
source_mean,7,area_curve_relative_rmse,0.5905146707623444,0.5132792191299029,0.6694580018180141
source_mean,10,mean_hidden_dice,0.7508801370740295,0.7309179432722187,0.7694475746335523
source_mean,10,mean_hidden_hd95_px,9.764312347225815,8.909826327796008,10.65263430378378
source_mean,10,area_curve_relative_rmse,0.5904207204360526,0.5128522191142248,0.6680914840383042
target_only,2,mean_hidden_dice,0.7465195659852473,0.7271505794715065,0.7656899853231919
target_only,2,mean_hidden_hd95_px,9.853183075092502,9.026258928709067,10.747806086426811
target_only,2,area_curve_relative_rmse,0.6036347361240477,0.5290588891265298,0.6790546723238797
target_only,3,mean_hidden_dice,0.7464292861350984,0.7262971917452644,0.7653689457163073
target_only,3,mean_hidden_hd95_px,9.931424548479024,9.105318458056225,10.813423954757006
target_only,3,area_curve_relative_rmse,0.6071013711973737,0.5345997658149768,0.6845173401659
target_only,5,mean_hidden_dice,0.7471210557512282,0.7277583252478491,0.7658035618412431
target_only,5,mean_hidden_hd95_px,9.926055982332192,9.085147422843484,10.802641204258862
target_only,5,area_curve_relative_rmse,0.6066965465239009,0.5344811632121029,0.6821214347544823
target_only,7,mean_hidden_dice,0.746669596637812,0.7266902586051348,0.7658378959562367
target_only,7,mean_hidden_hd95_px,9.911850616544653,9.061300826795563,10.816508731032563
target_only,7,area_curve_relative_rmse,0.6081315951750923,0.5339541121563931,0.6820020365596564
target_only,10,mean_hidden_dice,0.747669117430674,0.727969518586982,0.7660551542791765
target_only,10,mean_hidden_hd95_px,9.920211543928763,9.093442874333084,10.821998091870062
target_only,10,area_curve_relative_rmse,0.6089635057808526,0.5315868628089083,0.6850030341420272
