contrast,candidate_method,reference_method,scope,level,metric,n_paired_patients,candidate_mean,reference_mean,mean_paired_difference,relative_change_percent,bootstrap_95_lower,bootstrap_95_upper,interval_interpretation,difference_definition,bootstrap_unit
source_prior_contribution,oa_hb_tpm_map,target_only,global,all,mean_hidden_dice,98,0.7481259869029533,0.7468817243880119,0.001244262514941408,0.16659431799070265,0.0005060386150762408,0.001992893690866686,beneficial,candidate_minus_reference,patient_stratified_within_fold
source_prior_contribution,oa_hb_tpm_map,target_only,global,all,mean_hidden_hd95_px,98,9.864937743344635,9.908545153275426,-0.043607409930791846,-0.4400990181326139,-0.08083774911903203,-0.0032480798463145693,beneficial,candidate_minus_reference,patient_stratified_within_fold
source_prior_contribution,oa_hb_tpm_map,target_only,global,all,area_curve_relative_rmse,98,0.6010528949486855,0.6069055509602534,-0.005852656011568044,-0.9643437932488671,-0.0076322487235881515,-0.003997410507878211,beneficial,candidate_minus_reference,patient_stratified_within_fold
source_prior_contribution,oa_hb_tpm_map,target_only,global,all,hidden_brier,98,0.037699972993510474,0.037712356998477414,-1.2384004966943115e-05,-0.0328380561507813,-0.00012804754125904393,0.0001034842298911005,inconclusive,candidate_minus_reference,patient_stratified_within_fold
source_prior_contribution,oa_hb_tpm_map,target_only,k,2,mean_hidden_dice,98,0.7478618646254748,0.7465195659852473,0.0013422986402275793,0.17980756317565905,0.00046697993943850845,0.0022376472293512595,beneficial,candidate_minus_reference,patient_stratified_within_fold
source_prior_contribution,oa_hb_tpm_map,target_only,k,2,mean_hidden_hd95_px,98,9.784786742788068,9.853183075092502,-0.06839633230443454,-0.6941546887252211,-0.10696932307720945,-0.030186257564394938,beneficial,candidate_minus_reference,patient_stratified_within_fold
source_prior_contribution,oa_hb_tpm_map,target_only,k,2,area_curve_relative_rmse,98,0.5943747742042348,0.6036347361240477,-0.00925996191981306,-1.534033972145388,-0.012191728905252601,-0.0063661152404976265,beneficial,candidate_minus_reference,patient_stratified_within_fold
source_prior_contribution,oa_hb_tpm_map,target_only,k,2,hidden_brier,98,0.03741960072395749,0.03765238050219351,-0.0002327797782360257,-0.6182338941955202,-0.0003989123958194601,-7.218285694996656e-05,beneficial,candidate_minus_reference,patient_stratified_within_fold
source_prior_contribution,oa_hb_tpm_map,target_only,k,3,mean_hidden_dice,98,0.7484233567341853,0.7464292861350982,0.0019940705990869603,0.26714795843715705,0.0010133380696597117,0.002980581816542974,beneficial,candidate_minus_reference,patient_stratified_within_fold
source_prior_contribution,oa_hb_tpm_map,target_only,k,3,mean_hidden_hd95_px,98,9.856213337188247,9.931424548479024,-0.07521121129077725,-0.7573053686673347,-0.12191675836728834,-0.02783016477031067,beneficial,candidate_minus_reference,patient_stratified_within_fold
source_prior_contribution,oa_hb_tpm_map,target_only,k,3,area_curve_relative_rmse,98,0.6002337819925363,0.6071013711973737,-0.006867589204837544,-1.1312096349399998,-0.01023246767607342,-0.0035335038877683583,beneficial,candidate_minus_reference,patient_stratified_within_fold
source_prior_contribution,oa_hb_tpm_map,target_only,k,3,hidden_brier,98,0.03757556958288761,0.037761149146169584,-0.00018557956328197204,-0.49145634462450377,-0.00035536049855682553,-6.511381789278387e-06,beneficial,candidate_minus_reference,patient_stratified_within_fold
source_prior_contribution,oa_hb_tpm_map,target_only,k,5,mean_hidden_dice,98,0.7480709892987051,0.7471210557512283,0.0009499335474767399,0.12714586748215576,0.00016065506733841455,0.001750539182740554,beneficial,candidate_minus_reference,patient_stratified_within_fold
source_prior_contribution,oa_hb_tpm_map,target_only,k,5,mean_hidden_hd95_px,98,9.89273777452801,9.926055982332192,-0.033318207804181724,-0.33566411335465174,-0.0774319331777193,0.013108532528892804,inconclusive,candidate_minus_reference,patient_stratified_within_fold
source_prior_contribution,oa_hb_tpm_map,target_only,k,5,area_curve_relative_rmse,98,0.6040128991983593,0.6066965465239008,-0.0026836473255415112,-0.4423376630240615,-0.004556409550328991,-0.0008845661005145337,beneficial,candidate_minus_reference,patient_stratified_within_fold
source_prior_contribution,oa_hb_tpm_map,target_only,k,5,hidden_brier,98,0.03774110731497706,0.03773913895711298,1.9683578640829865e-06,0.005215693623322573,-0.00011782378504736768,0.00012138285414398239,inconclusive,candidate_minus_reference,patient_stratified_within_fold
source_prior_contribution,oa_hb_tpm_map,target_only,k,7,mean_hidden_dice,98,0.7475958846523966,0.746669596637812,0.0009262880145847096,0.12405594372071713,-0.0002921652196532378,0.002152784517057476,inconclusive,candidate_minus_reference,patient_stratified_within_fold
source_prior_contribution,oa_hb_tpm_map,target_only,k,7,mean_hidden_hd95_px,98,9.902049440891524,9.911850616544651,-0.009801175653128918,-0.09888340767332593,-0.06841953868750075,0.04852615253267532,inconclusive,candidate_minus_reference,patient_stratified_within_fold
source_prior_contribution,oa_hb_tpm_map,target_only,k,7,area_curve_relative_rmse,98,0.6034852846458485,0.6081315951750923,-0.004646310529243751,-0.764030444414912,-0.00723892605459369,-0.0020382068756140247,beneficial,candidate_minus_reference,patient_stratified_within_fold
source_prior_contribution,oa_hb_tpm_map,target_only,k,7,hidden_brier,98,0.03788023552521552,0.037696766982577234,0.0001834685426382831,0.48669569653832373,5.362352505202399e-06,0.0003701168382508688,harmful,candidate_minus_reference,patient_stratified_within_fold
source_prior_contribution,oa_hb_tpm_map,target_only,k,10,mean_hidden_dice,98,0.748677839204005,0.747669117430674,0.001008721773331051,0.13491553279577348,-0.0002644175699494989,0.0022812498617585156,inconclusive,candidate_minus_reference,patient_stratified_within_fold
source_prior_contribution,oa_hb_tpm_map,target_only,k,10,mean_hidden_hd95_px,98,9.888901421327324,9.920211543928762,-0.031310122601436785,-0.3156195053178961,-0.09403382029783619,0.034225137451827314,inconclusive,candidate_minus_reference,patient_stratified_within_fold
source_prior_contribution,oa_hb_tpm_map,target_only,k,10,area_curve_relative_rmse,98,0.6031577347024483,0.6089635057808527,-0.0058057710784043546,-0.9533857157761558,-0.008738082718763193,-0.0027154035486425553,beneficial,candidate_minus_reference,patient_stratified_within_fold
source_prior_contribution,oa_hb_tpm_map,target_only,k,10,hidden_brier,98,0.03788335182051467,0.03771234940433376,0.000171002416180916,0.45343877769987206,-2.919021477529887e-05,0.000374782605280428,inconclusive,candidate_minus_reference,patient_stratified_within_fold
source_prior_contribution,oa_hb_tpm_map,target_only,strategy,clustered,mean_hidden_dice,98,0.7499933677205955,0.7487812098219827,0.001212157898612949,0.16188412352135956,0.0004196488059311475,0.0020175021704468853,beneficial,candidate_minus_reference,patient_stratified_within_fold
source_prior_contribution,oa_hb_tpm_map,target_only,strategy,clustered,mean_hidden_hd95_px,98,9.873412783274606,9.8989613114323,-0.0255485281576926,-0.25809301959981024,-0.06138526446824159,0.014251001348117347,inconclusive,candidate_minus_reference,patient_stratified_within_fold
source_prior_contribution,oa_hb_tpm_map,target_only,strategy,clustered,area_curve_relative_rmse,98,0.60450512179349,0.6071906391205388,-0.0026855173270486444,-0.4422856931619327,-0.004311767942721313,-0.0010661271400424506,beneficial,candidate_minus_reference,patient_stratified_within_fold
source_prior_contribution,oa_hb_tpm_map,target_only,strategy,clustered,hidden_brier,98,0.03787989857815657,0.03780282124154721,7.707733660936573e-05,0.20389308014041513,-5.146339411219801e-05,0.0002027123454502063,inconclusive,candidate_minus_reference,patient_stratified_within_fold
source_prior_contribution,oa_hb_tpm_map,target_only,strategy,random,mean_hidden_dice,98,0.7474459234125346,0.746263613325698,0.001182310086836452,0.15843062233297536,0.00042750201640585206,0.0019409166270557428,beneficial,candidate_minus_reference,patient_stratified_within_fold
source_prior_contribution,oa_hb_tpm_map,target_only,strategy,random,mean_hidden_hd95_px,98,9.876245593626612,9.91956539356561,-0.04331979993899875,-0.4367106644319157,-0.08182660735835023,-0.003266701922549273,beneficial,candidate_minus_reference,patient_stratified_within_fold
source_prior_contribution,oa_hb_tpm_map,target_only,strategy,random,area_curve_relative_rmse,98,0.6016311867764724,0.6074165012455532,-0.005785314469080904,-0.9524460493282091,-0.007593429829616118,-0.003826263881057827,beneficial,candidate_minus_reference,patient_stratified_within_fold
source_prior_contribution,oa_hb_tpm_map,target_only,strategy,random,hidden_brier,98,0.037738007624462507,0.03775651051757891,-1.850289311639993e-05,-0.049005834656741486,-0.00013612856696910877,0.00010064634591417224,inconclusive,candidate_minus_reference,patient_stratified_within_fold
source_prior_contribution,oa_hb_tpm_map,target_only,strategy,uniform,mean_hidden_dice,98,0.7469386695757301,0.7456003500163552,0.0013383195593748233,0.1794955647949289,0.0005603788148158074,0.002119278021673002,beneficial,candidate_minus_reference,patient_stratified_within_fold
source_prior_contribution,oa_hb_tpm_map,target_only,strategy,uniform,mean_hidden_hd95_px,98,9.845154853132687,9.907108754828371,-0.06195390169568418,-0.6253479519490494,-0.10542520650499526,-0.019027254921546895,beneficial,candidate_minus_reference,patient_stratified_within_fold
source_prior_contribution,oa_hb_tpm_map,target_only,strategy,uniform,area_curve_relative_rmse,98,0.5970223762760937,0.6061095125146684,-0.009087136238574583,-1.4992564958885488,-0.011457261386181694,-0.006687804499584635,beneficial,candidate_minus_reference,patient_stratified_within_fold
source_prior_contribution,oa_hb_tpm_map,target_only,strategy,uniform,hidden_brier,98,0.03748201277791233,0.037577739236306126,-9.572645839379511e-05,-0.25474246279645263,-0.00021622263688632159,2.949314030381622e-05,inconclusive,candidate_minus_reference,patient_stratified_within_fold
source_prior_contribution,oa_hb_tpm_map,target_only,k_strategy,k2_clustered,mean_hidden_dice,98,0.7483792272524358,0.7472482065554455,0.0011310206969900492,0.15135810123970203,0.00015951356307938272,0.002144325676960445,beneficial,candidate_minus_reference,patient_stratified_within_fold
source_prior_contribution,oa_hb_tpm_map,target_only,k_strategy,k2_clustered,mean_hidden_hd95_px,98,9.835566801820825,9.86329052641302,-0.027723724592192946,-0.28107987408412294,-0.07549669501381506,0.018510886579401774,inconclusive,candidate_minus_reference,patient_stratified_within_fold
source_prior_contribution,oa_hb_tpm_map,target_only,k_strategy,k2_clustered,area_curve_relative_rmse,98,0.6035683000811113,0.6046793647001762,-0.0011110646190650515,-0.18374442455398837,-0.005138457886383697,0.002802942544603437,inconclusive,candidate_minus_reference,patient_stratified_within_fold
source_prior_contribution,oa_hb_tpm_map,target_only,k_strategy,k2_clustered,hidden_brier,98,0.03767764027591562,0.03773648264836895,-5.8842372453333315e-05,-0.15592966891384777,-0.0002554559632090391,0.00013082155292587483,inconclusive,candidate_minus_reference,patient_stratified_within_fold
source_prior_contribution,oa_hb_tpm_map,target_only,k_strategy,k2_random,mean_hidden_dice,98,0.7480995973005348,0.7468339086066057,0.001265688693929175,0.1694739190793593,0.0003060187340348196,0.0022511956281709676,beneficial,candidate_minus_reference,patient_stratified_within_fold
source_prior_contribution,oa_hb_tpm_map,target_only,k_strategy,k2_random,mean_hidden_hd95_px,98,9.795665680641703,9.851632941551914,-0.05596726091021029,-0.5681013618986279,-0.10345264105538894,-0.008473103158750125,beneficial,candidate_minus_reference,patient_stratified_within_fold
source_prior_contribution,oa_hb_tpm_map,target_only,k_strategy,k2_random,area_curve_relative_rmse,98,0.5984420888400708,0.6046046177031272,-0.006162528863056427,-1.019265927287765,-0.010083107250984711,-0.002055640494794603,beneficial,candidate_minus_reference,patient_stratified_within_fold
source_prior_contribution,oa_hb_tpm_map,target_only,k_strategy,k2_random,hidden_brier,98,0.03754831859461807,0.037715681131016796,-0.00016736253639872936,-0.4437478825248976,-0.00036320540008648273,1.709339593784611e-05,inconclusive,candidate_minus_reference,patient_stratified_within_fold
source_prior_contribution,oa_hb_tpm_map,target_only,k_strategy,k2_uniform,mean_hidden_dice,98,0.7471067693234541,0.7454765827936907,0.0016301865297635144,0.2186770942763021,0.0004685643081908745,0.0027702218910432164,beneficial,candidate_minus_reference,patient_stratified_within_fold
source_prior_contribution,oa_hb_tpm_map,target_only,k_strategy,k2_uniform,mean_hidden_hd95_px,98,9.723127745901676,9.844625757312576,-0.12149801141090039,-1.234155715067704,-0.1669936892305121,-0.07596326602087122,beneficial,candidate_minus_reference,patient_stratified_within_fold
source_prior_contribution,oa_hb_tpm_map,target_only,k_strategy,k2_uniform,area_curve_relative_rmse,98,0.5811139336915222,0.6016202259688399,-0.020506292277317695,-3.408511115844664,-0.02383763957481066,-0.017001777621608004,beneficial,candidate_minus_reference,patient_stratified_within_fold
source_prior_contribution,oa_hb_tpm_map,target_only,k_strategy,k2_uniform,hidden_brier,98,0.03703284330133876,0.037504977727194785,-0.00047213442585601433,-1.2588580355659578,-0.0006423459968016378,-0.00028640964657675747,beneficial,candidate_minus_reference,patient_stratified_within_fold
source_prior_contribution,oa_hb_tpm_map,target_only,k_strategy,k3_clustered,mean_hidden_dice,98,0.749216515022097,0.7473355658931325,0.0018809491289643637,0.2516873563639999,0.0009595975307708192,0.002807043623726422,beneficial,candidate_minus_reference,patient_stratified_within_fold
source_prior_contribution,oa_hb_tpm_map,target_only,k_strategy,k3_clustered,mean_hidden_hd95_px,98,9.880465728721518,9.926662941463533,-0.046197212742015464,-0.46538512503582996,-0.09006985515350883,-0.002035024471890989,beneficial,candidate_minus_reference,patient_stratified_within_fold
source_prior_contribution,oa_hb_tpm_map,target_only,k_strategy,k3_clustered,area_curve_relative_rmse,98,0.6041207984767111,0.6056608235759551,-0.001540025099244096,-0.2542718695509226,-0.004773311539215527,0.0016503829297604847,inconclusive,candidate_minus_reference,patient_stratified_within_fold
source_prior_contribution,oa_hb_tpm_map,target_only,k_strategy,k3_clustered,hidden_brier,98,0.037733877820856056,0.03779014489252344,-5.626707166737299e-05,-0.1488935060381446,-0.00021485335464418317,0.00010989841805505024,inconclusive,candidate_minus_reference,patient_stratified_within_fold
source_prior_contribution,oa_hb_tpm_map,target_only,k_strategy,k3_random,mean_hidden_dice,98,0.7480805444969244,0.7459614289261115,0.002119115570812741,0.2840784373883012,0.0010701103798581861,0.0031399032489706907,beneficial,candidate_minus_reference,patient_stratified_within_fold
source_prior_contribution,oa_hb_tpm_map,target_only,k_strategy,k3_random,mean_hidden_hd95_px,98,9.869137485834049,9.954244639041384,-0.08510715320733718,-0.85498354012257,-0.1340773099961149,-0.034975832159513456,beneficial,candidate_minus_reference,patient_stratified_within_fold
source_prior_contribution,oa_hb_tpm_map,target_only,k_strategy,k3_random,area_curve_relative_rmse,98,0.598349152486997,0.6074254991615446,-0.009076346674547538,-1.494232080654501,-0.01274401806160606,-0.005390102866110877,beneficial,candidate_minus_reference,patient_stratified_within_fold
source_prior_contribution,oa_hb_tpm_map,target_only,k_strategy,k3_random,hidden_brier,98,0.03762327621747944,0.037864228737141355,-0.0002409525196619175,-0.6363592437987917,-0.0004281041647630665,-4.925066842792557e-05,beneficial,candidate_minus_reference,patient_stratified_within_fold
source_prior_contribution,oa_hb_tpm_map,target_only,k_strategy,k3_uniform,mean_hidden_dice,98,0.7479730106835343,0.7459908635860506,0.001982147097483776,0.2657066184370412,0.0008816468671417819,0.003017086963894911,beneficial,candidate_minus_reference,patient_stratified_within_fold
source_prior_contribution,oa_hb_tpm_map,target_only,k_strategy,k3_uniform,mean_hidden_hd95_px,98,9.819036797009169,9.913366064932147,-0.09432926792297913,-0.9515362118691698,-0.14638286063792894,-0.03963457723182369,beneficial,candidate_minus_reference,patient_stratified_within_fold
source_prior_contribution,oa_hb_tpm_map,target_only,k_strategy,k3_uniform,area_curve_relative_rmse,98,0.5982313950139005,0.6082177908546215,-0.009986395840720995,-1.6419111691371062,-0.013681229329143662,-0.006202770682417773,beneficial,candidate_minus_reference,patient_stratified_within_fold
source_prior_contribution,oa_hb_tpm_map,target_only,k_strategy,k3_uniform,hidden_brier,98,0.03736955471032732,0.03762907380884395,-0.00025951909851662557,-0.6896770827658024,-0.00043588675301978695,-6.823675322098256e-05,beneficial,candidate_minus_reference,patient_stratified_within_fold
source_prior_contribution,oa_hb_tpm_map,target_only,k_strategy,k5_clustered,mean_hidden_dice,98,0.7496235985029814,0.748696068984148,0.0009275295188334875,0.12388598755326521,9.495525978265425e-05,0.001796606840985152,beneficial,candidate_minus_reference,patient_stratified_within_fold
source_prior_contribution,oa_hb_tpm_map,target_only,k_strategy,k5_clustered,mean_hidden_hd95_px,98,9.898249859465057,9.921851035483602,-0.023601176018543623,-0.23787069503602232,-0.06936857170753438,0.023010843896891515,inconclusive,candidate_minus_reference,patient_stratified_within_fold
source_prior_contribution,oa_hb_tpm_map,target_only,k_strategy,k5_clustered,area_curve_relative_rmse,98,0.6062756794150874,0.6077894362407206,-0.0015137568256330925,-0.24905941685922214,-0.003412915526703623,0.00037001645007435493,inconclusive,candidate_minus_reference,patient_stratified_within_fold
source_prior_contribution,oa_hb_tpm_map,target_only,k_strategy,k5_clustered,hidden_brier,98,0.037873430361933205,0.03783250982512012,4.0920536813079876e-05,0.10816236353927901,-8.962818117318106e-05,0.0001715470720272599,inconclusive,candidate_minus_reference,patient_stratified_within_fold
source_prior_contribution,oa_hb_tpm_map,target_only,k_strategy,k5_random,mean_hidden_dice,98,0.7474850895379638,0.746836514532813,0.000648575005150794,0.0868429693152474,-0.00014494791347221194,0.0014272944049520532,inconclusive,candidate_minus_reference,patient_stratified_within_fold
source_prior_contribution,oa_hb_tpm_map,target_only,k_strategy,k5_random,mean_hidden_hd95_px,98,9.906574033141364,9.934328380309312,-0.027754347167949316,-0.27937819352701093,-0.07202024063127761,0.019096049039431247,inconclusive,candidate_minus_reference,patient_stratified_within_fold
source_prior_contribution,oa_hb_tpm_map,target_only,k_strategy,k5_random,area_curve_relative_rmse,98,0.6056487720998103,0.6082964094494833,-0.0026476373496729334,-0.4352544760323478,-0.004566850328749806,-0.0006441094860440678,beneficial,candidate_minus_reference,patient_stratified_within_fold
source_prior_contribution,oa_hb_tpm_map,target_only,k_strategy,k5_random,hidden_brier,98,0.037821419637802264,0.037805907420661936,1.5512217140322727e-05,0.04103119908674613,-0.00010442317111835652,0.00013615124621333693,inconclusive,candidate_minus_reference,patient_stratified_within_fold
source_prior_contribution,oa_hb_tpm_map,target_only,k_strategy,k5_uniform,mean_hidden_dice,98,0.7471042798551697,0.7458305837367236,0.0012736961184459377,0.17077552814535013,0.0005023794320705785,0.0020561631940875,beneficial,candidate_minus_reference,patient_stratified_within_fold
source_prior_contribution,oa_hb_tpm_map,target_only,k_strategy,k5_uniform,mean_hidden_hd95_px,98,9.873389430977612,9.921988531203665,-0.04859910022605221,-0.4898120983834328,-0.09394019262940442,-0.00031771677350592924,beneficial,candidate_minus_reference,patient_stratified_within_fold
source_prior_contribution,oa_hb_tpm_map,target_only,k_strategy,k5_uniform,area_curve_relative_rmse,98,0.6001142460801803,0.6040037938814988,-0.003889547801318508,-0.6439608228821173,-0.005909659211696774,-0.0018389717815314927,beneficial,candidate_minus_reference,patient_stratified_within_fold
source_prior_contribution,oa_hb_tpm_map,target_only,k_strategy,k5_uniform,hidden_brier,98,0.037528471945195735,0.037578999625556886,-5.052768036115365e-05,-0.1344572257500718,-0.00017605423048253421,6.908499825822019e-05,inconclusive,candidate_minus_reference,patient_stratified_within_fold
source_prior_contribution,oa_hb_tpm_map,target_only,k_strategy,k7_clustered,mean_hidden_dice,98,0.7500740891797812,0.7492683697266508,0.0008057194531303565,0.10753416074727674,-0.0004904478594826884,0.002096459957918727,inconclusive,candidate_minus_reference,patient_stratified_within_fold
source_prior_contribution,oa_hb_tpm_map,target_only,k_strategy,k7_clustered,mean_hidden_hd95_px,98,9.875489527161504,9.876316417069944,-0.0008268899084434368,-0.008372452577706644,-0.05941211420442805,0.058950500379523534,inconclusive,candidate_minus_reference,patient_stratified_within_fold
source_prior_contribution,oa_hb_tpm_map,target_only,k_strategy,k7_clustered,area_curve_relative_rmse,98,0.604111991703357,0.6093447610235536,-0.005232769320196613,-0.8587534766700563,-0.0077947405825285875,-0.002523873845260529,beneficial,candidate_minus_reference,patient_stratified_within_fold
source_prior_contribution,oa_hb_tpm_map,target_only,k_strategy,k7_clustered,hidden_brier,98,0.03800835351896829,0.03778301092168806,0.00022534259728023532,0.5964124927663852,2.621818067772604e-05,0.00042838317275580094,harmful,candidate_minus_reference,patient_stratified_within_fold
source_prior_contribution,oa_hb_tpm_map,target_only,k_strategy,k7_random,mean_hidden_dice,98,0.7464223235743803,0.7454134875816351,0.0010088359927454816,0.1353391117215326,-0.00027208167857898096,0.0022692252669747003,inconclusive,candidate_minus_reference,patient_stratified_within_fold
source_prior_contribution,oa_hb_tpm_map,target_only,k_strategy,k7_random,mean_hidden_hd95_px,98,9.924165124524643,9.938781672898122,-0.014616548373476567,-0.14706579593486957,-0.07264341882008732,0.04611066637848162,inconclusive,candidate_minus_reference,patient_stratified_within_fold
source_prior_contribution,oa_hb_tpm_map,target_only,k_strategy,k7_random,area_curve_relative_rmse,98,0.6031847729900743,0.607548833928124,-0.004364060938049676,-0.718306199327833,-0.007036318936305888,-0.00150214676740618,beneficial,candidate_minus_reference,patient_stratified_within_fold
source_prior_contribution,oa_hb_tpm_map,target_only,k_strategy,k7_random,hidden_brier,98,0.03790527353139248,0.03774358478887952,0.00016168874251295146,0.42838734957838503,-1.6181549218919644e-05,0.000347857824099079,inconclusive,candidate_minus_reference,patient_stratified_within_fold
source_prior_contribution,oa_hb_tpm_map,target_only,k_strategy,k7_uniform,mean_hidden_dice,98,0.7462912412030284,0.7453269326051499,0.000964308597878291,0.12938061885241847,-0.000310324528119984,0.002308615201429804,inconclusive,candidate_minus_reference,patient_stratified_within_fold
source_prior_contribution,oa_hb_tpm_map,target_only,k_strategy,k7_uniform,mean_hidden_hd95_px,98,9.906493670988423,9.92045375966589,-0.01396008867746674,-0.14072026356521117,-0.07640024895576898,0.049420842668285836,inconclusive,candidate_minus_reference,patient_stratified_within_fold
source_prior_contribution,oa_hb_tpm_map,target_only,k_strategy,k7_uniform,area_curve_relative_rmse,98,0.6031590892441143,0.6075011905735994,-0.004342101329484965,-0.7147477892817256,-0.00706964803067871,-0.0014437747728237968,beneficial,candidate_minus_reference,patient_stratified_within_fold
source_prior_contribution,oa_hb_tpm_map,target_only,k_strategy,k7_uniform,hidden_brier,98,0.0377270795252858,0.03756370523716413,0.00016337428812166255,0.4349259134320598,-2.228228270779059e-05,0.0003518828086327,inconclusive,candidate_minus_reference,patient_stratified_within_fold
source_prior_contribution,oa_hb_tpm_map,target_only,k_strategy,k10_clustered,mean_hidden_dice,98,0.7526734086456826,0.751357837950536,0.001315570695146488,0.17509242982477488,-0.00012287435574374875,0.0027142921304173966,inconclusive,candidate_minus_reference,patient_stratified_within_fold
source_prior_contribution,oa_hb_tpm_map,target_only,k_strategy,k10_clustered,mean_hidden_hd95_px,98,9.877291999204129,9.906685636731396,-0.02939363752726751,-0.2967050596446061,-0.0893288934029994,0.029285983209124726,inconclusive,candidate_minus_reference,patient_stratified_within_fold
source_prior_contribution,oa_hb_tpm_map,target_only,k_strategy,k10_clustered,area_curve_relative_rmse,98,0.6044488392911841,0.6084788100622887,-0.004029970771104373,-0.6623025657527555,-0.0065288542627331084,-0.0014529995203611844,beneficial,candidate_minus_reference,patient_stratified_within_fold
source_prior_contribution,oa_hb_tpm_map,target_only,k_strategy,k10_clustered,hidden_brier,98,0.038106190913109704,0.03787195792003548,0.0002342329930742198,0.6184866216021618,2.1510215580697122e-05,0.0004584814714533972,harmful,candidate_minus_reference,patient_stratified_within_fold
source_prior_contribution,oa_hb_tpm_map,target_only,k_strategy,k10_random,mean_hidden_dice,98,0.747142062152869,0.7462727269813252,0.0008693351715440691,0.1164902776308779,-0.00042163648219313793,0.002191509916142723,inconclusive,candidate_minus_reference,patient_stratified_within_fold
source_prior_contribution,oa_hb_tpm_map,target_only,k_strategy,k10_random,mean_hidden_hd95_px,98,9.885685643991298,9.918839334027318,-0.03315369003602045,-0.3342496931297621,-0.09927377208856707,0.033153551995121565,inconclusive,candidate_minus_reference,patient_stratified_within_fold
source_prior_contribution,oa_hb_tpm_map,target_only,k_strategy,k10_random,area_curve_relative_rmse,98,0.6025311474654093,0.6092071459854873,-0.006675998520077942,-1.095850330067694,-0.009840057867473738,-0.0032544702518292586,beneficial,candidate_minus_reference,patient_stratified_within_fold
source_prior_contribution,oa_hb_tpm_map,target_only,k_strategy,k10_random,hidden_brier,98,0.037791750141020285,0.03765315051019492,0.00013859963082537302,0.36809570765624505,-5.2963015290774094e-05,0.00034567049082026596,inconclusive,candidate_minus_reference,patient_stratified_within_fold
source_prior_contribution,oa_hb_tpm_map,target_only,k_strategy,k10_uniform,mean_hidden_dice,98,0.7462180468134633,0.7453767873601608,0.0008412594533025968,0.11286365064868947,-0.00046210459434598624,0.0021070954033555376,inconclusive,candidate_minus_reference,patient_stratified_within_fold
source_prior_contribution,oa_hb_tpm_map,target_only,k_strategy,k10_uniform,mean_hidden_hd95_px,98,9.903726620786552,9.935109661027575,-0.031383040241022446,-0.3158801594725079,-0.10004796276210641,0.03931960996657764,inconclusive,candidate_minus_reference,patient_stratified_within_fold
source_prior_contribution,oa_hb_tpm_map,target_only,k_strategy,k10_uniform,area_curve_relative_rmse,98,0.6024932173507513,0.609204561294782,-0.006711343944030748,-1.1016568769227029,-0.009978936992031343,-0.0033748092605622375,beneficial,candidate_minus_reference,patient_stratified_within_fold
source_prior_contribution,oa_hb_tpm_map,target_only,k_strategy,k10_uniform,hidden_brier,98,0.03775211440741403,0.03761193978277087,0.0001401746246431553,0.3726865071377306,-5.137336877535884e-05,0.00034831429746153686,inconclusive,candidate_minus_reference,patient_stratified_within_fold
observation_likelihood_vs_latent_mse,oa_hb_tpm_map,hb_tpm_latent_mse,global,all,mean_hidden_dice,98,0.7481259869029533,0.7531708163189378,-0.0050448294159843934,-0.6698121205280622,-0.010062342107849577,0.0002616050426880805,inconclusive,candidate_minus_reference,patient_stratified_within_fold
observation_likelihood_vs_latent_mse,oa_hb_tpm_map,hb_tpm_latent_mse,global,all,mean_hidden_hd95_px,98,9.864937743344635,9.40627857520595,0.45865916813868374,4.876095944549903,0.15514467645066493,0.7541431184931277,harmful,candidate_minus_reference,patient_stratified_within_fold
observation_likelihood_vs_latent_mse,oa_hb_tpm_map,hb_tpm_latent_mse,global,all,area_curve_relative_rmse,98,0.6010528949486855,0.5646183004798968,0.03643459446878872,6.452960245500574,0.01625066520913485,0.05438148095944197,harmful,candidate_minus_reference,patient_stratified_within_fold
observation_likelihood_vs_latent_mse,oa_hb_tpm_map,hb_tpm_latent_mse,global,all,hidden_brier,98,0.037699972993510474,0.03691967634154719,0.0007802966519632735,2.1134980836361623,-0.0001470521875612756,0.0016325927933069856,inconclusive,candidate_minus_reference,patient_stratified_within_fold
observation_likelihood_vs_latent_mse,oa_hb_tpm_map,hb_tpm_latent_mse,k,2,mean_hidden_dice,98,0.7478618646254748,0.7513980663709162,-0.0035362017454412323,-0.4706162956367843,-0.008007173449620248,0.0013480193147288747,inconclusive,candidate_minus_reference,patient_stratified_within_fold
observation_likelihood_vs_latent_mse,oa_hb_tpm_map,hb_tpm_latent_mse,k,2,mean_hidden_hd95_px,98,9.784786742788068,9.569952796066746,0.21483394672132303,2.2448798996126698,-0.030685550072922833,0.4638028524625741,inconclusive,candidate_minus_reference,patient_stratified_within_fold
observation_likelihood_vs_latent_mse,oa_hb_tpm_map,hb_tpm_latent_mse,k,2,area_curve_relative_rmse,98,0.5943747742042348,0.5861769582795465,0.008197815924688275,1.3985223760328624,-0.009279123832331863,0.023408556472171972,inconclusive,candidate_minus_reference,patient_stratified_within_fold
observation_likelihood_vs_latent_mse,oa_hb_tpm_map,hb_tpm_latent_mse,k,2,hidden_brier,98,0.03741960072395749,0.03719600077186308,0.00022359995209441099,0.6011397662502287,-0.0006627748851018125,0.0009981659622894641,inconclusive,candidate_minus_reference,patient_stratified_within_fold
observation_likelihood_vs_latent_mse,oa_hb_tpm_map,hb_tpm_latent_mse,k,3,mean_hidden_dice,98,0.7484233567341853,0.7507898083007888,-0.002366451566603597,-0.3151949507625077,-0.0079502300988397,0.003618183783842199,inconclusive,candidate_minus_reference,patient_stratified_within_fold
observation_likelihood_vs_latent_mse,oa_hb_tpm_map,hb_tpm_latent_mse,k,3,mean_hidden_hd95_px,98,9.856213337188247,9.496027338298788,0.3601859988894575,3.7930177121202857,0.027662464913568455,0.6803202914049253,harmful,candidate_minus_reference,patient_stratified_within_fold
observation_likelihood_vs_latent_mse,oa_hb_tpm_map,hb_tpm_latent_mse,k,3,area_curve_relative_rmse,98,0.6002337819925363,0.5705825532652975,0.029651228727238743,5.196658845867679,0.00810170741485234,0.04941319266407952,harmful,candidate_minus_reference,patient_stratified_within_fold
observation_likelihood_vs_latent_mse,oa_hb_tpm_map,hb_tpm_latent_mse,k,3,hidden_brier,98,0.03757556958288761,0.03720211884969854,0.00037345073318907586,1.0038426432049905,-0.00063069094629755,0.001277214071339597,inconclusive,candidate_minus_reference,patient_stratified_within_fold
observation_likelihood_vs_latent_mse,oa_hb_tpm_map,hb_tpm_latent_mse,k,5,mean_hidden_dice,98,0.7480709892987051,0.752434710707888,-0.004363721409183098,-0.5799468508141687,-0.009994921549224324,0.0015735022457290864,inconclusive,candidate_minus_reference,patient_stratified_within_fold
observation_likelihood_vs_latent_mse,oa_hb_tpm_map,hb_tpm_latent_mse,k,5,mean_hidden_hd95_px,98,9.89273777452801,9.4512228611863,0.4415149133417109,4.671510976160525,0.11009094381600676,0.7850102528096201,harmful,candidate_minus_reference,patient_stratified_within_fold
observation_likelihood_vs_latent_mse,oa_hb_tpm_map,hb_tpm_latent_mse,k,5,area_curve_relative_rmse,98,0.6040128991983593,0.5696508980129992,0.03436200118536014,6.032115687909618,0.014549865376515458,0.05432072377650457,harmful,candidate_minus_reference,patient_stratified_within_fold
observation_likelihood_vs_latent_mse,oa_hb_tpm_map,hb_tpm_latent_mse,k,5,hidden_brier,98,0.03774110731497706,0.037122769472601014,0.0006183378423760547,1.6656565530015957,-0.0003934427626671737,0.001557715322195115,inconclusive,candidate_minus_reference,patient_stratified_within_fold
observation_likelihood_vs_latent_mse,oa_hb_tpm_map,hb_tpm_latent_mse,k,7,mean_hidden_dice,98,0.7475958846523966,0.7549150519065386,-0.007319167254141988,-0.969535212691471,-0.013980773959054572,-0.00018602551102073794,harmful,candidate_minus_reference,patient_stratified_within_fold
observation_likelihood_vs_latent_mse,oa_hb_tpm_map,hb_tpm_latent_mse,k,7,mean_hidden_hd95_px,98,9.902049440891524,9.234841353312007,0.6672080875795147,7.224900375145324,0.27782855175429577,1.060695510027477,harmful,candidate_minus_reference,patient_stratified_within_fold
observation_likelihood_vs_latent_mse,oa_hb_tpm_map,hb_tpm_latent_mse,k,7,area_curve_relative_rmse,98,0.6034852846458485,0.5472329909167719,0.05625229372907664,10.279404689186949,0.032652495016356815,0.07939419855227772,harmful,candidate_minus_reference,patient_stratified_within_fold
observation_likelihood_vs_latent_mse,oa_hb_tpm_map,hb_tpm_latent_mse,k,7,hidden_brier,98,0.03788023552521552,0.03657426798880906,0.0013059675364064556,3.570727749919844,0.00013164298675422419,0.0024007048916553178,harmful,candidate_minus_reference,patient_stratified_within_fold
observation_likelihood_vs_latent_mse,oa_hb_tpm_map,hb_tpm_latent_mse,k,10,mean_hidden_dice,98,0.748677839204005,0.7563164443085572,-0.00763860510455205,-1.0099747482729202,-0.0131053123889579,-0.0016833901346243554,harmful,candidate_minus_reference,patient_stratified_within_fold
observation_likelihood_vs_latent_mse,oa_hb_tpm_map,hb_tpm_latent_mse,k,10,mean_hidden_hd95_px,98,9.888901421327324,9.279348527165913,0.6095528941614125,6.568919061256354,0.2674562482910416,0.9393514508716766,harmful,candidate_minus_reference,patient_stratified_within_fold
observation_likelihood_vs_latent_mse,oa_hb_tpm_map,hb_tpm_latent_mse,k,10,area_curve_relative_rmse,98,0.6031577347024483,0.5494481019248685,0.053709632777579765,9.775196709101385,0.031165623529910737,0.07514522326603304,harmful,candidate_minus_reference,patient_stratified_within_fold
observation_likelihood_vs_latent_mse,oa_hb_tpm_map,hb_tpm_latent_mse,k,10,hidden_brier,98,0.03788335182051467,0.0365032246247643,0.0013801271957503713,3.7808363779841896,0.0002928058433561909,0.0023846296447988125,harmful,candidate_minus_reference,patient_stratified_within_fold
observation_likelihood_vs_latent_mse,oa_hb_tpm_map,hb_tpm_latent_mse,strategy,clustered,mean_hidden_dice,98,0.7499933677205955,0.7548226516132033,-0.00482928389260766,-0.6397905365302086,-0.009161032993411011,-7.623658724166611e-05,harmful,candidate_minus_reference,patient_stratified_within_fold
observation_likelihood_vs_latent_mse,oa_hb_tpm_map,hb_tpm_latent_mse,strategy,clustered,mean_hidden_hd95_px,98,9.873412783274606,9.456651643359853,0.4167611399147541,4.407068755751302,0.1541085838902093,0.6565534516219568,harmful,candidate_minus_reference,patient_stratified_within_fold
observation_likelihood_vs_latent_mse,oa_hb_tpm_map,hb_tpm_latent_mse,strategy,clustered,area_curve_relative_rmse,98,0.60450512179349,0.5707293450647466,0.03377577672874369,5.918002468387531,0.015610147029250773,0.050433295822448106,harmful,candidate_minus_reference,patient_stratified_within_fold
observation_likelihood_vs_latent_mse,oa_hb_tpm_map,hb_tpm_latent_mse,strategy,clustered,hidden_brier,98,0.03787989857815657,0.03719887232597989,0.0006810262521766901,1.8307712293231475,-0.00012078188543150762,0.0014199774545256276,inconclusive,candidate_minus_reference,patient_stratified_within_fold
observation_likelihood_vs_latent_mse,oa_hb_tpm_map,hb_tpm_latent_mse,strategy,random,mean_hidden_dice,98,0.7474459234125346,0.7526567720503349,-0.005210848637800472,-0.6923273437911737,-0.010396402524935497,0.0002243157182415858,inconclusive,candidate_minus_reference,patient_stratified_within_fold
observation_likelihood_vs_latent_mse,oa_hb_tpm_map,hb_tpm_latent_mse,strategy,random,mean_hidden_hd95_px,98,9.876245593626612,9.401556615775585,0.47468897785102604,5.049046633985157,0.16362434681160273,0.7684343128429209,harmful,candidate_minus_reference,patient_stratified_within_fold
observation_likelihood_vs_latent_mse,oa_hb_tpm_map,hb_tpm_latent_mse,strategy,random,area_curve_relative_rmse,98,0.6016311867764724,0.5644817758369042,0.03714941093956817,6.581153286036599,0.01724980892515736,0.055293360230719464,harmful,candidate_minus_reference,patient_stratified_within_fold
observation_likelihood_vs_latent_mse,oa_hb_tpm_map,hb_tpm_latent_mse,strategy,random,hidden_brier,98,0.037738007624462507,0.03690313415639858,0.0008348734680639236,2.2623375687432397,-7.811481460966831e-05,0.0016918526591105873,inconclusive,candidate_minus_reference,patient_stratified_within_fold
observation_likelihood_vs_latent_mse,oa_hb_tpm_map,hb_tpm_latent_mse,strategy,uniform,mean_hidden_dice,98,0.7469386695757301,0.7520330252932751,-0.005094355717545049,-0.6774111702818331,-0.010950253678809892,0.0009568232654613085,inconclusive,candidate_minus_reference,patient_stratified_within_fold
observation_likelihood_vs_latent_mse,oa_hb_tpm_map,hb_tpm_latent_mse,strategy,uniform,mean_hidden_hd95_px,98,9.845154853132687,9.360627466482415,0.48452738665027106,5.176227644837033,0.12553675950369134,0.8257491814926249,harmful,candidate_minus_reference,patient_stratified_within_fold
observation_likelihood_vs_latent_mse,oa_hb_tpm_map,hb_tpm_latent_mse,strategy,uniform,area_curve_relative_rmse,98,0.5970223762760937,0.5586437805380395,0.03837859573805429,6.869958473553791,0.016863872545027137,0.05796921780152298,harmful,candidate_minus_reference,patient_stratified_within_fold
observation_likelihood_vs_latent_mse,oa_hb_tpm_map,hb_tpm_latent_mse,strategy,uniform,hidden_brier,98,0.03748201277791233,0.036657022542263114,0.0008249902356492071,2.2505653171859445,-0.0002636740495431732,0.0018095134899533453,inconclusive,candidate_minus_reference,patient_stratified_within_fold
observation_likelihood_vs_latent_mse,oa_hb_tpm_map,hb_tpm_latent_mse,k_strategy,k2_clustered,mean_hidden_dice,98,0.7483792272524358,0.7512758172158149,-0.002896589963379261,-0.3855561295868483,-0.007429549041972932,0.0019162040991833427,inconclusive,candidate_minus_reference,patient_stratified_within_fold
observation_likelihood_vs_latent_mse,oa_hb_tpm_map,hb_tpm_latent_mse,k_strategy,k2_clustered,mean_hidden_hd95_px,98,9.835566801820825,9.65185977579478,0.18370702602604697,1.9033329357597268,-0.05783485909347256,0.4333482386413668,inconclusive,candidate_minus_reference,patient_stratified_within_fold
observation_likelihood_vs_latent_mse,oa_hb_tpm_map,hb_tpm_latent_mse,k_strategy,k2_clustered,area_curve_relative_rmse,98,0.6035683000811113,0.59513421882539,0.008434081255721293,1.4171729651787706,-0.0094828577413164,0.02483542158142527,inconclusive,candidate_minus_reference,patient_stratified_within_fold
observation_likelihood_vs_latent_mse,oa_hb_tpm_map,hb_tpm_latent_mse,k_strategy,k2_clustered,hidden_brier,98,0.03767764027591562,0.037586475484909405,9.116479100621802e-05,0.24254679330819343,-0.0007960745280285396,0.000899951317043483,inconclusive,candidate_minus_reference,patient_stratified_within_fold
observation_likelihood_vs_latent_mse,oa_hb_tpm_map,hb_tpm_latent_mse,k_strategy,k2_random,mean_hidden_dice,98,0.7480995973005348,0.7512316684376658,-0.003132071137130987,-0.41692480079344174,-0.007746105876021644,0.001684679368120908,inconclusive,candidate_minus_reference,patient_stratified_within_fold
observation_likelihood_vs_latent_mse,oa_hb_tpm_map,hb_tpm_latent_mse,k_strategy,k2_random,mean_hidden_hd95_px,98,9.795665680641703,9.60275888111512,0.19290679952658288,2.0088685128391104,-0.04240341443066011,0.434739355760432,inconclusive,candidate_minus_reference,patient_stratified_within_fold
observation_likelihood_vs_latent_mse,oa_hb_tpm_map,hb_tpm_latent_mse,k_strategy,k2_random,area_curve_relative_rmse,98,0.5984420888400708,0.5903371520776214,0.00810493676244943,1.372933540422633,-0.009732704021540061,0.02314792111696888,inconclusive,candidate_minus_reference,patient_stratified_within_fold
observation_likelihood_vs_latent_mse,oa_hb_tpm_map,hb_tpm_latent_mse,k_strategy,k2_random,hidden_brier,98,0.03754831859461807,0.03742002501931721,0.00012829357530085044,0.34284737980432106,-0.0007086652999135629,0.0008947473219405743,inconclusive,candidate_minus_reference,patient_stratified_within_fold
observation_likelihood_vs_latent_mse,oa_hb_tpm_map,hb_tpm_latent_mse,k_strategy,k2_uniform,mean_hidden_dice,98,0.7471067693234541,0.7516867134592674,-0.004579944135813447,-0.6092889569294784,-0.009578314391310593,0.0005977496205521234,inconclusive,candidate_minus_reference,patient_stratified_within_fold
observation_likelihood_vs_latent_mse,oa_hb_tpm_map,hb_tpm_latent_mse,k_strategy,k2_uniform,mean_hidden_hd95_px,98,9.723127745901676,9.455239731290337,0.26788801461133926,2.8332228713864787,0.00020755283311256714,0.5336115533844644,harmful,candidate_minus_reference,patient_stratified_within_fold
observation_likelihood_vs_latent_mse,oa_hb_tpm_map,hb_tpm_latent_mse,k_strategy,k2_uniform,area_curve_relative_rmse,98,0.5811139336915222,0.5730595039356282,0.008054429755894096,1.405513685852569,-0.01004665002515944,0.022929870739786116,inconclusive,candidate_minus_reference,patient_stratified_within_fold
observation_likelihood_vs_latent_mse,oa_hb_tpm_map,hb_tpm_latent_mse,k_strategy,k2_uniform,hidden_brier,98,0.03703284330133876,0.036581501811362604,0.0004513414899761645,1.2337970494037316,-0.0004832529056608125,0.001294250614532483,inconclusive,candidate_minus_reference,patient_stratified_within_fold
observation_likelihood_vs_latent_mse,oa_hb_tpm_map,hb_tpm_latent_mse,k_strategy,k3_clustered,mean_hidden_dice,98,0.749216515022097,0.7514918375627478,-0.002275322540650805,-0.30277408574791354,-0.008016472428422525,0.00417579890207489,inconclusive,candidate_minus_reference,patient_stratified_within_fold
observation_likelihood_vs_latent_mse,oa_hb_tpm_map,hb_tpm_latent_mse,k_strategy,k3_clustered,mean_hidden_hd95_px,98,9.880465728721518,9.51483577646581,0.36562995225570555,3.842735290923908,0.011647471028971368,0.7281872779950581,harmful,candidate_minus_reference,patient_stratified_within_fold
observation_likelihood_vs_latent_mse,oa_hb_tpm_map,hb_tpm_latent_mse,k_strategy,k3_clustered,area_curve_relative_rmse,98,0.6041207984767111,0.5721483531023601,0.03197244537435089,5.588139020410825,0.008984391769007805,0.053583928113079306,harmful,candidate_minus_reference,patient_stratified_within_fold
observation_likelihood_vs_latent_mse,oa_hb_tpm_map,hb_tpm_latent_mse,k_strategy,k3_clustered,hidden_brier,98,0.037733877820856056,0.03742731858272937,0.0003065592381266927,0.8190788165843992,-0.0007970289950145001,0.0012880050412816379,inconclusive,candidate_minus_reference,patient_stratified_within_fold
observation_likelihood_vs_latent_mse,oa_hb_tpm_map,hb_tpm_latent_mse,k_strategy,k3_random,mean_hidden_dice,98,0.7480805444969244,0.7505070349016429,-0.0024264904047187398,-0.323313479005129,-0.007646545193758534,0.002859126429059303,inconclusive,candidate_minus_reference,patient_stratified_within_fold
observation_likelihood_vs_latent_mse,oa_hb_tpm_map,hb_tpm_latent_mse,k_strategy,k3_random,mean_hidden_hd95_px,98,9.869137485834049,9.511790019487588,0.3573474663464611,3.756889771686863,0.058446069555101905,0.6452220310143723,harmful,candidate_minus_reference,patient_stratified_within_fold
observation_likelihood_vs_latent_mse,oa_hb_tpm_map,hb_tpm_latent_mse,k_strategy,k3_random,area_curve_relative_rmse,98,0.598349152486997,0.5708590355549349,0.02749011693206226,4.815570082960845,0.00795760061361601,0.045090871771497704,harmful,candidate_minus_reference,patient_stratified_within_fold
observation_likelihood_vs_latent_mse,oa_hb_tpm_map,hb_tpm_latent_mse,k_strategy,k3_random,hidden_brier,98,0.03762327621747944,0.037233991746087415,0.00038928447139202496,1.0455082926555446,-0.0004443511239500055,0.0012069771933008223,inconclusive,candidate_minus_reference,patient_stratified_within_fold
observation_likelihood_vs_latent_mse,oa_hb_tpm_map,hb_tpm_latent_mse,k_strategy,k3_uniform,mean_hidden_dice,98,0.7479730106835343,0.7503705524379758,-0.0023975417544412456,-0.3195143714864026,-0.008127798620870668,0.003658857874970183,inconclusive,candidate_minus_reference,patient_stratified_within_fold
observation_likelihood_vs_latent_mse,oa_hb_tpm_map,hb_tpm_latent_mse,k_strategy,k3_uniform,mean_hidden_hd95_px,98,9.819036797009169,9.461456218942963,0.35758057806620586,3.779339773831928,0.02145137259899897,0.6801479775581666,harmful,candidate_minus_reference,patient_stratified_within_fold
observation_likelihood_vs_latent_mse,oa_hb_tpm_map,hb_tpm_latent_mse,k_strategy,k3_uniform,area_curve_relative_rmse,98,0.5982313950139005,0.5687402711385975,0.029491123875303078,5.185341248345736,0.007690724043237271,0.0493547116279041,harmful,candidate_minus_reference,patient_stratified_within_fold
observation_likelihood_vs_latent_mse,oa_hb_tpm_map,hb_tpm_latent_mse,k_strategy,k3_uniform,hidden_brier,98,0.03736955471032732,0.03694504622027881,0.00042450849004850973,1.1490268208556218,-0.0005943107516124642,0.0013761410064406189,inconclusive,candidate_minus_reference,patient_stratified_within_fold
observation_likelihood_vs_latent_mse,oa_hb_tpm_map,hb_tpm_latent_mse,k_strategy,k5_clustered,mean_hidden_dice,98,0.7496235985029814,0.7545133829564483,-0.0048897844534667514,-0.6480712687039241,-0.009733931447562568,0.0003840448651614312,inconclusive,candidate_minus_reference,patient_stratified_within_fold
observation_likelihood_vs_latent_mse,oa_hb_tpm_map,hb_tpm_latent_mse,k_strategy,k5_clustered,mean_hidden_hd95_px,98,9.898249859465057,9.468726137882529,0.42952372158253066,4.5362355540529355,0.13698108005062756,0.7088742283061763,harmful,candidate_minus_reference,patient_stratified_within_fold
observation_likelihood_vs_latent_mse,oa_hb_tpm_map,hb_tpm_latent_mse,k_strategy,k5_clustered,area_curve_relative_rmse,98,0.6062756794150874,0.5723646330863252,0.03391104632876215,5.9247277641712035,0.015051091082491976,0.05142731606752833,harmful,candidate_minus_reference,patient_stratified_within_fold
observation_likelihood_vs_latent_mse,oa_hb_tpm_map,hb_tpm_latent_mse,k_strategy,k5_clustered,hidden_brier,98,0.037873430361933205,0.037195970268197764,0.0006774600937354296,1.821326581483619,-0.00020231283341097625,0.0014411590251672448,inconclusive,candidate_minus_reference,patient_stratified_within_fold
observation_likelihood_vs_latent_mse,oa_hb_tpm_map,hb_tpm_latent_mse,k_strategy,k5_random,mean_hidden_dice,98,0.7474850895379638,0.7519335862763022,-0.004448496738338526,-0.5916076658270057,-0.009752756234439337,0.0013789528686982207,inconclusive,candidate_minus_reference,patient_stratified_within_fold
observation_likelihood_vs_latent_mse,oa_hb_tpm_map,hb_tpm_latent_mse,k_strategy,k5_random,mean_hidden_hd95_px,98,9.906574033141364,9.460829365483606,0.4457446676577575,4.711475605764426,0.12802078366294334,0.7591619152531793,harmful,candidate_minus_reference,patient_stratified_within_fold
observation_likelihood_vs_latent_mse,oa_hb_tpm_map,hb_tpm_latent_mse,k_strategy,k5_random,area_curve_relative_rmse,98,0.6056487720998103,0.5707816616873622,0.034867110412448055,6.108659887455535,0.015302636555083378,0.05362157783283953,harmful,candidate_minus_reference,patient_stratified_within_fold
observation_likelihood_vs_latent_mse,oa_hb_tpm_map,hb_tpm_latent_mse,k_strategy,k5_random,hidden_brier,98,0.037821419637802264,0.03713544732035722,0.0006859723174450373,1.8472170579428977,-0.0002413307611678484,0.0015201655275910652,inconclusive,candidate_minus_reference,patient_stratified_within_fold
observation_likelihood_vs_latent_mse,oa_hb_tpm_map,hb_tpm_latent_mse,k_strategy,k5_uniform,mean_hidden_dice,98,0.7471042798551697,0.7508571628909138,-0.003752883035744017,-0.4998131763563191,-0.010387756013832208,0.003319719609427177,inconclusive,candidate_minus_reference,patient_stratified_within_fold
observation_likelihood_vs_latent_mse,oa_hb_tpm_map,hb_tpm_latent_mse,k_strategy,k5_uniform,mean_hidden_hd95_px,98,9.873389430977612,9.424113080192768,0.4492763507848447,4.767306450610362,0.05164436883594992,0.842359884872486,harmful,candidate_minus_reference,patient_stratified_within_fold
observation_likelihood_vs_latent_mse,oa_hb_tpm_map,hb_tpm_latent_mse,k_strategy,k5_uniform,area_curve_relative_rmse,98,0.6001142460801803,0.5658063992653102,0.034307846814870195,6.06353106988863,0.011787176540533299,0.05590568437825683,harmful,candidate_minus_reference,patient_stratified_within_fold
observation_likelihood_vs_latent_mse,oa_hb_tpm_map,hb_tpm_latent_mse,k_strategy,k5_uniform,hidden_brier,98,0.037528471945195735,0.037036890829248034,0.0004915811159476971,1.327274252620297,-0.0006952827915131081,0.0015800118018701951,inconclusive,candidate_minus_reference,patient_stratified_within_fold
observation_likelihood_vs_latent_mse,oa_hb_tpm_map,hb_tpm_latent_mse,k_strategy,k7_clustered,mean_hidden_dice,98,0.7500740891797812,0.7575589756469854,-0.007484886467204202,-0.9880269005870879,-0.01264206566291435,-0.002083580475133412,harmful,candidate_minus_reference,patient_stratified_within_fold
observation_likelihood_vs_latent_mse,oa_hb_tpm_map,hb_tpm_latent_mse,k_strategy,k7_clustered,mean_hidden_hd95_px,98,9.875489527161504,9.275490707437948,0.5999988197235547,6.468647736797581,0.3150802194758605,0.8957234044930632,harmful,candidate_minus_reference,patient_stratified_within_fold
observation_likelihood_vs_latent_mse,oa_hb_tpm_map,hb_tpm_latent_mse,k_strategy,k7_clustered,area_curve_relative_rmse,98,0.604111991703357,0.5539589413086441,0.05015305039471286,9.053568171719347,0.029848327517314772,0.06968898373348534,harmful,candidate_minus_reference,patient_stratified_within_fold
observation_likelihood_vs_latent_mse,oa_hb_tpm_map,hb_tpm_latent_mse,k_strategy,k7_clustered,hidden_brier,98,0.03800835351896829,0.03675934866222795,0.0012490048567403357,3.3977883237734026,0.0003035354195162677,0.0021503436886135294,harmful,candidate_minus_reference,patient_stratified_within_fold
observation_likelihood_vs_latent_mse,oa_hb_tpm_map,hb_tpm_latent_mse,k_strategy,k7_random,mean_hidden_dice,98,0.7464223235743803,0.7540931899906548,-0.007670866416274372,-1.0172305648814353,-0.014798497493584306,-0.0004288994747953608,harmful,candidate_minus_reference,patient_stratified_within_fold
observation_likelihood_vs_latent_mse,oa_hb_tpm_map,hb_tpm_latent_mse,k_strategy,k7_random,mean_hidden_hd95_px,98,9.924165124524643,9.21534909885264,0.7088160256720039,7.6916893551027306,0.2984296298846437,1.1146119984098541,harmful,candidate_minus_reference,patient_stratified_within_fold
observation_likelihood_vs_latent_mse,oa_hb_tpm_map,hb_tpm_latent_mse,k_strategy,k7_random,area_curve_relative_rmse,98,0.6031847729900743,0.5455808860750856,0.05760388691498867,10.558267048061674,0.03305640987851671,0.08103769778974641,harmful,candidate_minus_reference,patient_stratified_within_fold
observation_likelihood_vs_latent_mse,oa_hb_tpm_map,hb_tpm_latent_mse,k_strategy,k7_random,hidden_brier,98,0.03790527353139248,0.03650749124282472,0.0013977822885677521,3.828754704810005,0.0001549361262717574,0.002530581627269178,harmful,candidate_minus_reference,patient_stratified_within_fold
observation_likelihood_vs_latent_mse,oa_hb_tpm_map,hb_tpm_latent_mse,k_strategy,k7_uniform,mean_hidden_dice,98,0.7462912412030284,0.7530929900819757,-0.00680174887894739,-0.9031751680767877,-0.015055195177149584,0.0015560520685666186,inconclusive,candidate_minus_reference,patient_stratified_within_fold
observation_likelihood_vs_latent_mse,oa_hb_tpm_map,hb_tpm_latent_mse,k_strategy,k7_uniform,mean_hidden_hd95_px,98,9.906493670988423,9.213684253645436,0.6928094173429855,7.519352717875831,0.22242203269177302,1.1726520438495163,harmful,candidate_minus_reference,patient_stratified_within_fold
observation_likelihood_vs_latent_mse,oa_hb_tpm_map,hb_tpm_latent_mse,k_strategy,k7_uniform,area_curve_relative_rmse,98,0.6031590892441143,0.5421591453665859,0.06099994387752843,11.251298516099503,0.03330194928786712,0.08722755630687132,harmful,candidate_minus_reference,patient_stratified_within_fold
observation_likelihood_vs_latent_mse,oa_hb_tpm_map,hb_tpm_latent_mse,k_strategy,k7_uniform,hidden_brier,98,0.0377270795252858,0.03645596406137452,0.0012711154639112776,3.4867147163392067,-0.0001817593904573151,0.002635955011320053,inconclusive,candidate_minus_reference,patient_stratified_within_fold
observation_likelihood_vs_latent_mse,oa_hb_tpm_map,hb_tpm_latent_mse,k_strategy,k10_clustered,mean_hidden_dice,98,0.7526734086456826,0.7592732446840196,-0.0065998360383372826,-0.8692306866527191,-0.01035245423719567,-0.002346690106169343,harmful,candidate_minus_reference,patient_stratified_within_fold
observation_likelihood_vs_latent_mse,oa_hb_tpm_map,hb_tpm_latent_mse,k_strategy,k10_clustered,mean_hidden_hd95_px,98,9.877291999204129,9.372345819218195,0.5049461799859326,5.387617889115122,0.2741711500476545,0.7257322961766067,harmful,candidate_minus_reference,patient_stratified_within_fold
observation_likelihood_vs_latent_mse,oa_hb_tpm_map,hb_tpm_latent_mse,k_strategy,k10_clustered,area_curve_relative_rmse,98,0.6044488392911841,0.5600405790010129,0.04440826029017124,7.929471891016476,0.02550315740573643,0.061623693473737265,harmful,candidate_minus_reference,patient_stratified_within_fold
observation_likelihood_vs_latent_mse,oa_hb_tpm_map,hb_tpm_latent_mse,k_strategy,k10_clustered,hidden_brier,98,0.038106190913109704,0.037025248631834935,0.0010809422812747738,2.91947338969484,0.00029065561414297076,0.0018574545445509895,harmful,candidate_minus_reference,patient_stratified_within_fold
observation_likelihood_vs_latent_mse,oa_hb_tpm_map,hb_tpm_latent_mse,k_strategy,k10_random,mean_hidden_dice,98,0.747142062152869,0.755518380645409,-0.008376318492539737,-1.1086849383312403,-0.014881922088558172,-0.001799081967626882,harmful,candidate_minus_reference,patient_stratified_within_fold
observation_likelihood_vs_latent_mse,oa_hb_tpm_map,hb_tpm_latent_mse,k_strategy,k10_random,mean_hidden_hd95_px,98,9.885685643991298,9.217055713938972,0.6686299300523251,7.254268074360826,0.2772407707260305,1.06166741071001,harmful,candidate_minus_reference,patient_stratified_within_fold
observation_likelihood_vs_latent_mse,oa_hb_tpm_map,hb_tpm_latent_mse,k_strategy,k10_random,area_curve_relative_rmse,98,0.6025311474654093,0.5448501437895169,0.0576810036758924,10.586581344131087,0.034060963907695925,0.08105026989154482,harmful,candidate_minus_reference,patient_stratified_within_fold
observation_likelihood_vs_latent_mse,oa_hb_tpm_map,hb_tpm_latent_mse,k_strategy,k10_random,hidden_brier,98,0.037791750141020285,0.036218715453406325,0.0015730346876139535,4.343154272374979,0.00039461764445224205,0.0027373998371257005,harmful,candidate_minus_reference,patient_stratified_within_fold
observation_likelihood_vs_latent_mse,oa_hb_tpm_map,hb_tpm_latent_mse,k_strategy,k10_uniform,mean_hidden_dice,98,0.7462180468134633,0.7541577075962426,-0.007939660782779138,-1.0527852069675905,-0.015163428349929054,-0.0003733332601845312,harmful,candidate_minus_reference,patient_stratified_within_fold
observation_likelihood_vs_latent_mse,oa_hb_tpm_map,hb_tpm_latent_mse,k_strategy,k10_uniform,mean_hidden_hd95_px,98,9.903726620786552,9.248644048340575,0.6550825724459799,7.08301205043692,0.21651002185061274,1.063299505014459,harmful,candidate_minus_reference,patient_stratified_within_fold
observation_likelihood_vs_latent_mse,oa_hb_tpm_map,hb_tpm_latent_mse,k_strategy,k10_uniform,area_curve_relative_rmse,98,0.6024932173507513,0.5434535829840756,0.059039634366675656,10.863786018760251,0.034084844313280994,0.08414803850259686,harmful,candidate_minus_reference,patient_stratified_within_fold
observation_likelihood_vs_latent_mse,oa_hb_tpm_map,hb_tpm_latent_mse,k_strategy,k10_uniform,hidden_brier,98,0.03775211440741403,0.03626570978905165,0.0014864046183623873,4.0986502870298755,0.00017726577637831582,0.0027464994621387104,harmful,candidate_minus_reference,patient_stratified_within_fold
target_specific_updating,oa_hb_tpm_map,source_mean,global,all,mean_hidden_dice,98,0.7481259869029533,0.7494645494460304,-0.0013385625430770384,-0.17860251616523318,-0.0029790856318813795,0.00029660237058630224,inconclusive,candidate_minus_reference,patient_stratified_within_fold
target_specific_updating,oa_hb_tpm_map,source_mean,global,all,mean_hidden_hd95_px,98,9.864937743344635,9.765575000490825,0.0993627428538085,1.017479696267905,0.04360370907986247,0.15656593983439804,harmful,candidate_minus_reference,patient_stratified_within_fold
target_specific_updating,oa_hb_tpm_map,source_mean,global,all,area_curve_relative_rmse,98,0.6010528949486855,0.5907500325708038,0.010302862377881607,1.7440307761044036,0.007294878544576175,0.013174359210355644,harmful,candidate_minus_reference,patient_stratified_within_fold
target_specific_updating,oa_hb_tpm_map,source_mean,global,all,hidden_brier,98,0.037699972993510474,0.037021164987869774,0.0006788080056407014,1.8335673819641203,0.00045865040784068164,0.0008997869888941443,harmful,candidate_minus_reference,patient_stratified_within_fold
target_specific_updating,oa_hb_tpm_map,source_mean,k,2,mean_hidden_dice,98,0.7478618646254748,0.7483257904483112,-0.00046392582283628675,-0.06199516691230908,-0.0018205106758265523,0.0008578797921718175,inconclusive,candidate_minus_reference,patient_stratified_within_fold
target_specific_updating,oa_hb_tpm_map,source_mean,k,2,mean_hidden_hd95_px,98,9.784786742788068,9.76885671955211,0.015930023235957172,0.16306947366802554,-0.030083017959810426,0.06588852242699829,inconclusive,candidate_minus_reference,patient_stratified_within_fold
target_specific_updating,oa_hb_tpm_map,source_mean,k,2,area_curve_relative_rmse,98,0.5943747742042348,0.5910058025851879,0.0033689716190469683,0.5700403624313591,0.000928114672671819,0.0059448267542074,harmful,candidate_minus_reference,patient_stratified_within_fold
target_specific_updating,oa_hb_tpm_map,source_mean,k,2,hidden_brier,98,0.03741960072395749,0.03696962864942793,0.0004499720745295483,1.2171398279287589,0.0002572779967544639,0.0006329398051056328,harmful,candidate_minus_reference,patient_stratified_within_fold
target_specific_updating,oa_hb_tpm_map,source_mean,k,3,mean_hidden_dice,98,0.7484233567341853,0.7489579377244356,-0.0005345809902503779,-0.07137663723474234,-0.002430716886705421,0.0013052681206272418,inconclusive,candidate_minus_reference,patient_stratified_within_fold
target_specific_updating,oa_hb_tpm_map,source_mean,k,3,mean_hidden_hd95_px,98,9.856213337188247,9.772674041176282,0.08353929601196466,0.8548253595687257,0.02629461718603991,0.14110827984850657,harmful,candidate_minus_reference,patient_stratified_within_fold
target_specific_updating,oa_hb_tpm_map,source_mean,k,3,area_curve_relative_rmse,98,0.6002337819925363,0.5911788323503693,0.009054949642167007,1.5316769049674772,0.005896922770229049,0.012233770313951321,harmful,candidate_minus_reference,patient_stratified_within_fold
target_specific_updating,oa_hb_tpm_map,source_mean,k,3,hidden_brier,98,0.03757556958288761,0.036994620042593254,0.0005809495402943545,1.5703622300363838,0.0003215258346306704,0.000851261779067242,harmful,candidate_minus_reference,patient_stratified_within_fold
target_specific_updating,oa_hb_tpm_map,source_mean,k,5,mean_hidden_dice,98,0.7480709892987051,0.7494864780387723,-0.0014154887400673211,-0.18886114446938632,-0.003273706199668914,0.00026927095448683246,inconclusive,candidate_minus_reference,patient_stratified_within_fold
target_specific_updating,oa_hb_tpm_map,source_mean,k,5,mean_hidden_hd95_px,98,9.89273777452801,9.757492455681994,0.13524531884601684,1.3860663429697107,0.07532231464849154,0.19967270597823608,harmful,candidate_minus_reference,patient_stratified_within_fold
target_specific_updating,oa_hb_tpm_map,source_mean,k,5,area_curve_relative_rmse,98,0.6040128991983593,0.5906301367200651,0.01338276247829419,2.2658448403280644,0.01081811688807867,0.015977523880279763,harmful,candidate_minus_reference,patient_stratified_within_fold
target_specific_updating,oa_hb_tpm_map,source_mean,k,5,hidden_brier,98,0.03774110731497706,0.03698825732659113,0.000752849988385935,2.035375664602359,0.0005195996336651615,0.0009910486762880763,harmful,candidate_minus_reference,patient_stratified_within_fold
target_specific_updating,oa_hb_tpm_map,source_mean,k,7,mean_hidden_dice,98,0.7475958846523966,0.7496724039446034,-0.002076519292206831,-0.2769902268351703,-0.003854440197551576,-0.0003152434640679959,harmful,candidate_minus_reference,patient_stratified_within_fold
target_specific_updating,oa_hb_tpm_map,source_mean,k,7,mean_hidden_hd95_px,98,9.902049440891524,9.76453943881793,0.1375100020735921,1.4082589653633342,0.07021646887673506,0.20511895032714808,harmful,candidate_minus_reference,patient_stratified_within_fold
target_specific_updating,oa_hb_tpm_map,source_mean,k,7,area_curve_relative_rmse,98,0.6034852846458485,0.5905146707623443,0.012970613883504232,2.196493080647665,0.009198308982152242,0.01674706912131106,harmful,candidate_minus_reference,patient_stratified_within_fold
target_specific_updating,oa_hb_tpm_map,source_mean,k,7,hidden_brier,98,0.03788023552521552,0.03705437151829195,0.000825864006923573,2.228789676046412,0.0005857236349486364,0.0010847542414973868,harmful,candidate_minus_reference,patient_stratified_within_fold
target_specific_updating,oa_hb_tpm_map,source_mean,k,10,mean_hidden_dice,98,0.748677839204005,0.7508801370740295,-0.0022022978700243757,-0.29329552897831557,-0.0039448367254877595,-0.00046815204148886974,harmful,candidate_minus_reference,patient_stratified_within_fold
target_specific_updating,oa_hb_tpm_map,source_mean,k,10,mean_hidden_hd95_px,98,9.888901421327324,9.764312347225813,0.12458907410151158,1.2759636282723914,0.05662596071248699,0.19290938850289807,harmful,candidate_minus_reference,patient_stratified_within_fold
target_specific_updating,oa_hb_tpm_map,source_mean,k,10,area_curve_relative_rmse,98,0.6031577347024483,0.5904207204360525,0.012737014266395633,2.157277653973385,0.008784093359194087,0.016609280924088008,harmful,candidate_minus_reference,patient_stratified_within_fold
target_specific_updating,oa_hb_tpm_map,source_mean,k,10,hidden_brier,98,0.03788335182051467,0.03709894740244458,0.0007844044180700954,2.114357611176883,0.0005360000533824722,0.001036917146368166,harmful,candidate_minus_reference,patient_stratified_within_fold
target_specific_updating,oa_hb_tpm_map,source_mean,strategy,clustered,mean_hidden_dice,98,0.7499933677205955,0.7513829863991819,-0.0013896186785863054,-0.18494146177646517,-0.0030994821201906692,0.00022497546816133184,inconclusive,candidate_minus_reference,patient_stratified_within_fold
target_specific_updating,oa_hb_tpm_map,source_mean,strategy,clustered,mean_hidden_hd95_px,98,9.873412783274606,9.769111364656041,0.10430141861856453,1.0676653661244946,0.04990475108631868,0.16320517912184423,harmful,candidate_minus_reference,patient_stratified_within_fold
target_specific_updating,oa_hb_tpm_map,source_mean,strategy,clustered,area_curve_relative_rmse,98,0.60450512179349,0.5907500504051977,0.013755071388292586,2.3284079923239838,0.01156285247343103,0.01609712365688801,harmful,candidate_minus_reference,patient_stratified_within_fold
target_specific_updating,oa_hb_tpm_map,source_mean,strategy,clustered,hidden_brier,98,0.03787989857815657,0.03717410264498721,0.0007057959331693711,1.898622651122811,0.00047673875515406313,0.0009321329488076903,harmful,candidate_minus_reference,patient_stratified_within_fold
target_specific_updating,oa_hb_tpm_map,source_mean,strategy,random,mean_hidden_dice,98,0.7474459234125346,0.7489454150757012,-0.0014994916631668603,-0.20021374495166594,-0.0032166262738087875,0.00016190274884452102,inconclusive,candidate_minus_reference,patient_stratified_within_fold
target_specific_updating,oa_hb_tpm_map,source_mean,strategy,random,mean_hidden_hd95_px,98,9.876245593626612,9.76724108953231,0.10900450409430078,1.1160214342525283,0.054679883584541816,0.16612077652298957,harmful,candidate_minus_reference,patient_stratified_within_fold
target_specific_updating,oa_hb_tpm_map,source_mean,strategy,random,area_curve_relative_rmse,98,0.6016311867764724,0.5907500448909624,0.010881141885509954,1.8419197729419283,0.007926628595189354,0.013778080091635198,harmful,candidate_minus_reference,patient_stratified_within_fold
target_specific_updating,oa_hb_tpm_map,source_mean,strategy,random,hidden_brier,98,0.037738007624462507,0.03702133284881706,0.0007166747756454402,1.935842716879222,0.0004979922267684383,0.0009360076202440764,harmful,candidate_minus_reference,patient_stratified_within_fold
target_specific_updating,oa_hb_tpm_map,source_mean,strategy,uniform,mean_hidden_dice,98,0.7469386695757301,0.748065246863208,-0.0011265772874779496,-0.15059880033217968,-0.002721973812725645,0.0004872243114292575,inconclusive,candidate_minus_reference,patient_stratified_within_fold
target_specific_updating,oa_hb_tpm_map,source_mean,strategy,uniform,mean_hidden_hd95_px,98,9.845154853132687,9.760372547284128,0.08478230584856015,0.8686380098488276,0.028656052221580807,0.14277915638071614,harmful,candidate_minus_reference,patient_stratified_within_fold
target_specific_updating,oa_hb_tpm_map,source_mean,strategy,uniform,area_curve_relative_rmse,98,0.5970223762760937,0.5907500024162515,0.006272373859842278,1.0617645085378546,0.0023582277799199802,0.010180446088615305,harmful,candidate_minus_reference,patient_stratified_within_fold
target_specific_updating,oa_hb_tpm_map,source_mean,strategy,uniform,hidden_brier,98,0.03748201277791233,0.03686805946980504,0.0006139533081072927,1.6652715573764354,0.0004009105976937049,0.0008306089941203139,harmful,candidate_minus_reference,patient_stratified_within_fold
target_specific_updating,oa_hb_tpm_map,source_mean,k_strategy,k2_clustered,mean_hidden_dice,98,0.7483792272524358,0.7492024526766101,-0.0008232254241742337,-0.10988023614086795,-0.002330661040306722,0.0006009979532005593,inconclusive,candidate_minus_reference,patient_stratified_within_fold
target_specific_updating,oa_hb_tpm_map,source_mean,k_strategy,k2_clustered,mean_hidden_hd95_px,98,9.835566801820825,9.775952099602833,0.059614702217992525,0.6098096800250739,0.012073808184802883,0.1110737124793173,harmful,candidate_minus_reference,patient_stratified_within_fold
target_specific_updating,oa_hb_tpm_map,source_mean,k_strategy,k2_clustered,area_curve_relative_rmse,98,0.6035683000811113,0.5910058645541089,0.012562435527002364,2.1256025160562895,0.010446348417441928,0.014730016438594841,harmful,candidate_minus_reference,patient_stratified_within_fold
target_specific_updating,oa_hb_tpm_map,source_mean,k_strategy,k2_clustered,hidden_brier,98,0.03767764027591562,0.037063570145745614,0.0006140701301699998,1.6568024282476914,0.0003994162849207613,0.0008230040764093997,harmful,candidate_minus_reference,patient_stratified_within_fold
target_specific_updating,oa_hb_tpm_map,source_mean,k_strategy,k2_random,mean_hidden_dice,98,0.7480995973005348,0.7487012746314408,-0.0006016773309060413,-0.08036280306885091,-0.0020011373273316952,0.0008061980367397299,inconclusive,candidate_minus_reference,patient_stratified_within_fold
target_specific_updating,oa_hb_tpm_map,source_mean,k_strategy,k2_random,mean_hidden_hd95_px,98,9.795665680641703,9.765671536797491,0.029994143844212916,0.307138569336411,-0.017752135153079288,0.08084578397252934,inconclusive,candidate_minus_reference,patient_stratified_within_fold
target_specific_updating,oa_hb_tpm_map,source_mean,k_strategy,k2_random,area_curve_relative_rmse,98,0.5984420888400708,0.5910058119804397,0.007436276859631198,1.2582409020162588,0.004591879879218098,0.010129607055462331,harmful,candidate_minus_reference,patient_stratified_within_fold
target_specific_updating,oa_hb_tpm_map,source_mean,k_strategy,k2_random,hidden_brier,98,0.03754831859461807,0.03702593671956228,0.000522381875055786,1.4108539076603315,0.00031105467688520447,0.0007218984212745366,harmful,candidate_minus_reference,patient_stratified_within_fold
target_specific_updating,oa_hb_tpm_map,source_mean,k_strategy,k2_uniform,mean_hidden_dice,98,0.7471067693234541,0.7470736440368828,3.312528657141518e-05,0.004434005514157824,-0.0012761438117417816,0.0013204975464727422,inconclusive,candidate_minus_reference,patient_stratified_within_fold
target_specific_updating,oa_hb_tpm_map,source_mean,k_strategy,k2_uniform,mean_hidden_hd95_px,98,9.723127745901676,9.764946522256011,-0.041818776354333904,-0.4282540232967138,-0.09488836468549003,0.017492117659922674,inconclusive,candidate_minus_reference,patient_stratified_within_fold
target_specific_updating,oa_hb_tpm_map,source_mean,k_strategy,k2_uniform,area_curve_relative_rmse,98,0.5811139336915222,0.591005731221015,-0.009891797529492657,-1.6737227757599324,-0.014819132265292653,-0.00480806972532727,beneficial,candidate_minus_reference,patient_stratified_within_fold
target_specific_updating,oa_hb_tpm_map,source_mean,k_strategy,k2_uniform,hidden_brier,98,0.03703284330133876,0.03681937908297591,0.00021346421836285928,0.5797605056885878,2.831975900927799e-05,0.0004103871858298638,harmful,candidate_minus_reference,patient_stratified_within_fold
target_specific_updating,oa_hb_tpm_map,source_mean,k_strategy,k3_clustered,mean_hidden_dice,98,0.749216515022097,0.7498685676899205,-0.0006520526678235945,-0.08695559407595091,-0.002653429489188565,0.001320773638966432,inconclusive,candidate_minus_reference,patient_stratified_within_fold
target_specific_updating,oa_hb_tpm_map,source_mean,k_strategy,k3_clustered,mean_hidden_hd95_px,98,9.880465728721518,9.776412651519022,0.1040530772024944,1.0643277949844623,0.04988127154418244,0.1616920698670217,harmful,candidate_minus_reference,patient_stratified_within_fold
target_specific_updating,oa_hb_tpm_map,source_mean,k_strategy,k3_clustered,area_curve_relative_rmse,98,0.6041207984767111,0.5911789192134583,0.012941879263252767,2.1891645393024937,0.010206484181590604,0.015676420215466527,harmful,candidate_minus_reference,patient_stratified_within_fold
target_specific_updating,oa_hb_tpm_map,source_mean,k_strategy,k3_clustered,hidden_brier,98,0.037733877820856056,0.03708925252324156,0.0006446252976145095,1.7380379861000501,0.00038615369713124236,0.0009113963777959677,harmful,candidate_minus_reference,patient_stratified_within_fold
target_specific_updating,oa_hb_tpm_map,source_mean,k_strategy,k3_random,mean_hidden_dice,98,0.7480805444969244,0.7486390322502888,-0.000558487753364518,-0.07460040544316711,-0.0025136897238301104,0.001285307273353511,inconclusive,candidate_minus_reference,patient_stratified_within_fold
target_specific_updating,oa_hb_tpm_map,source_mean,k_strategy,k3_random,mean_hidden_hd95_px,98,9.869137485834049,9.787299420751529,0.08183806508251946,0.8361659489951052,0.022927051986091615,0.13962331117236462,harmful,candidate_minus_reference,patient_stratified_within_fold
target_specific_updating,oa_hb_tpm_map,source_mean,k_strategy,k3_random,area_curve_relative_rmse,98,0.598349152486997,0.5911788654300938,0.007170287056903342,1.2128794644387064,0.003829661607848051,0.010585207898297694,harmful,candidate_minus_reference,patient_stratified_within_fold
target_specific_updating,oa_hb_tpm_map,source_mean,k_strategy,k3_random,hidden_brier,98,0.03762327621747944,0.037063684464641325,0.0005595917528381153,1.509811452695602,0.0003007218759620967,0.0008358489186978164,harmful,candidate_minus_reference,patient_stratified_within_fold
target_specific_updating,oa_hb_tpm_map,source_mean,k_strategy,k3_uniform,mean_hidden_dice,98,0.7479730106835343,0.7483662132330974,-0.00039320254956302215,-0.05254146200218012,-0.0022822561383829573,0.0014587619167713765,inconclusive,candidate_minus_reference,patient_stratified_within_fold
target_specific_updating,oa_hb_tpm_map,source_mean,k_strategy,k3_uniform,mean_hidden_hd95_px,98,9.819036797009169,9.75431005125829,0.06472674575088014,0.6635707232058969,0.00976796720199823,0.1235269982764185,harmful,candidate_minus_reference,patient_stratified_within_fold
target_specific_updating,oa_hb_tpm_map,source_mean,k_strategy,k3_uniform,area_curve_relative_rmse,98,0.5982313950139005,0.5911787124075557,0.007052682606344911,1.1929865636776897,0.0032557891789458085,0.01092910280704747,harmful,candidate_minus_reference,patient_stratified_within_fold
target_specific_updating,oa_hb_tpm_map,source_mean,k_strategy,k3_uniform,hidden_brier,98,0.03736955471032732,0.03683092313989688,0.0005386315704304388,1.462443850197633,0.00029281494635328796,0.0008184240555998905,harmful,candidate_minus_reference,patient_stratified_within_fold
target_specific_updating,oa_hb_tpm_map,source_mean,k_strategy,k5_clustered,mean_hidden_dice,98,0.7496235985029814,0.7510421824914191,-0.0014185839884375449,-0.18888206568260935,-0.0033506185236636277,0.00036327907964091104,inconclusive,candidate_minus_reference,patient_stratified_within_fold
target_specific_updating,oa_hb_tpm_map,source_mean,k_strategy,k5_clustered,mean_hidden_hd95_px,98,9.898249859465057,9.758835577120934,0.13941428234412226,1.4285954634892257,0.07749861061462715,0.20269763011549033,harmful,candidate_minus_reference,patient_stratified_within_fold
target_specific_updating,oa_hb_tpm_map,source_mean,k_strategy,k5_clustered,area_curve_relative_rmse,98,0.6062756794150874,0.5906301039234388,0.015645575491648557,2.6489634354426057,0.013641416033080545,0.017631776749010043,harmful,candidate_minus_reference,patient_stratified_within_fold
target_specific_updating,oa_hb_tpm_map,source_mean,k_strategy,k5_clustered,hidden_brier,98,0.037873430361933205,0.03709170879530051,0.0007817215666326948,2.1075372152488656,0.0005361921240442522,0.0010229355205629716,harmful,candidate_minus_reference,patient_stratified_within_fold
target_specific_updating,oa_hb_tpm_map,source_mean,k_strategy,k5_random,mean_hidden_dice,98,0.7474850895379638,0.7492448565398707,-0.001759767001906945,-0.23487208307759666,-0.003609694013533725,2.4653803528628247e-05,inconclusive,candidate_minus_reference,patient_stratified_within_fold
target_specific_updating,oa_hb_tpm_map,source_mean,k_strategy,k5_random,mean_hidden_hd95_px,98,9.906574033141364,9.756893304909962,0.14968072823140124,1.5341023372273366,0.08935736302258006,0.21524546385070986,harmful,candidate_minus_reference,patient_stratified_within_fold
target_specific_updating,oa_hb_tpm_map,source_mean,k_strategy,k5_random,area_curve_relative_rmse,98,0.6056487720998103,0.5906301668717597,0.01501860522805051,2.5428103863362974,0.012204000039137816,0.017861692993221396,harmful,candidate_minus_reference,patient_stratified_within_fold
target_specific_updating,oa_hb_tpm_map,source_mean,k_strategy,k5_random,hidden_brier,98,0.037821419637802264,0.03699939167317074,0.000822027964631515,2.221733729821265,0.0005947727394499364,0.0010587952557323994,harmful,candidate_minus_reference,patient_stratified_within_fold
target_specific_updating,oa_hb_tpm_map,source_mean,k_strategy,k5_uniform,mean_hidden_dice,98,0.7471042798551697,0.7481723950850272,-0.0010681152298574726,-0.1427632504051536,-0.002787921033720525,0.0006920622761743128,inconclusive,candidate_minus_reference,patient_stratified_within_fold
target_specific_updating,oa_hb_tpm_map,source_mean,k_strategy,k5_uniform,mean_hidden_hd95_px,98,9.873389430977612,9.756748485015084,0.11664094596252708,1.1954899333694031,0.057238954454435664,0.17633994041678047,harmful,candidate_minus_reference,patient_stratified_within_fold
target_specific_updating,oa_hb_tpm_map,source_mean,k_strategy,k5_uniform,area_curve_relative_rmse,98,0.6001142460801803,0.5906301393649968,0.009484106715183504,1.60576070929603,0.006255109170141866,0.012678069114143145,harmful,candidate_minus_reference,patient_stratified_within_fold
target_specific_updating,oa_hb_tpm_map,source_mean,k_strategy,k5_uniform,hidden_brier,98,0.037528471945195735,0.036873671511302136,0.0006548004338935953,1.7757939664155564,0.000421418906046955,0.0008899462083829759,harmful,candidate_minus_reference,patient_stratified_within_fold
target_specific_updating,oa_hb_tpm_map,source_mean,k_strategy,k7_clustered,mean_hidden_dice,98,0.7500740891797812,0.7520968130749953,-0.002022723895214084,-0.2689446172420343,-0.0037832946502061133,-0.00032612254482106357,harmful,candidate_minus_reference,patient_stratified_within_fold
target_specific_updating,oa_hb_tpm_map,source_mean,k_strategy,k7_clustered,mean_hidden_hd95_px,98,9.875489527161504,9.75434362461281,0.12114590254869212,1.2419687803801447,0.0513285772487431,0.19226176010598725,harmful,candidate_minus_reference,patient_stratified_within_fold
target_specific_updating,oa_hb_tpm_map,source_mean,k_strategy,k7_clustered,area_curve_relative_rmse,98,0.604111991703357,0.5905146420207118,0.013597349682645279,2.3026270163455766,0.01033147633556287,0.016893022231424217,harmful,candidate_minus_reference,patient_stratified_within_fold
target_specific_updating,oa_hb_tpm_map,source_mean,k_strategy,k7_clustered,hidden_brier,98,0.03800835351896829,0.03721352211408769,0.0007948314048806035,2.1358671787202566,0.0005280241553614664,0.0010682900333111864,harmful,candidate_minus_reference,patient_stratified_within_fold
target_specific_updating,oa_hb_tpm_map,source_mean,k_strategy,k7_random,mean_hidden_dice,98,0.7464223235743803,0.748621637248129,-0.00219931367374867,-0.29378174024373177,-0.004009379328797578,-0.00043009902625553277,harmful,candidate_minus_reference,patient_stratified_within_fold
target_specific_updating,oa_hb_tpm_map,source_mean,k_strategy,k7_random,mean_hidden_hd95_px,98,9.924165124524643,9.776673357112895,0.14749176741175088,1.5086089309145745,0.08149077273807614,0.21757177655629512,harmful,candidate_minus_reference,patient_stratified_within_fold
target_specific_updating,oa_hb_tpm_map,source_mean,k_strategy,k7_random,area_curve_relative_rmse,98,0.6031847729900743,0.5905146747014723,0.012670098288602038,2.145602612671269,0.008535664104344854,0.016745648536387932,harmful,candidate_minus_reference,patient_stratified_within_fold
target_specific_updating,oa_hb_tpm_map,source_mean,k_strategy,k7_random,hidden_brier,98,0.03790527353139248,0.03705799209562183,0.0008472814357706457,2.2863662812177745,0.0005972672819768117,0.001097108849742428,harmful,candidate_minus_reference,patient_stratified_within_fold
target_specific_updating,oa_hb_tpm_map,source_mean,k_strategy,k7_uniform,mean_hidden_dice,98,0.7462912412030284,0.748298761510686,-0.0020075203076577383,-0.2682779139718074,-0.0038010140447683927,-0.00018140078216811884,harmful,candidate_minus_reference,patient_stratified_within_fold
target_specific_updating,oa_hb_tpm_map,source_mean,k_strategy,k7_uniform,mean_hidden_hd95_px,98,9.906493670988423,9.762601334728089,0.14389233626033335,1.4739138814208383,0.07914125748651993,0.21041397400256961,harmful,candidate_minus_reference,patient_stratified_within_fold
target_specific_updating,oa_hb_tpm_map,source_mean,k_strategy,k7_uniform,area_curve_relative_rmse,98,0.6031590892441143,0.5905146955648489,0.01264439367926538,2.1412496207516996,0.008538033846034918,0.016895526524356275,harmful,candidate_minus_reference,patient_stratified_within_fold
target_specific_updating,oa_hb_tpm_map,source_mean,k_strategy,k7_uniform,hidden_brier,98,0.0377270795252858,0.03689160034516632,0.0008354791801194704,2.264686737096072,0.0006036994810102048,0.0010855125916684604,harmful,candidate_minus_reference,patient_stratified_within_fold
target_specific_updating,oa_hb_tpm_map,source_mean,k_strategy,k10_clustered,mean_hidden_dice,98,0.7526734086456826,0.7547049160629646,-0.0020315074172820705,-0.26917903594423953,-0.0037740303844109647,-0.00022274652689266436,harmful,candidate_minus_reference,patient_stratified_within_fold
target_specific_updating,oa_hb_tpm_map,source_mean,k_strategy,k10_clustered,mean_hidden_hd95_px,98,9.877291999204129,9.780012870424606,0.09727912877952126,0.9946728094162295,0.017681343637358782,0.17333523181362567,harmful,candidate_minus_reference,patient_stratified_within_fold
target_specific_updating,oa_hb_tpm_map,source_mean,k_strategy,k10_clustered,area_curve_relative_rmse,98,0.6044488392911841,0.5904207223142701,0.014028116976913972,2.3759526803070203,0.010729856635895195,0.01743204312495712,harmful,candidate_minus_reference,patient_stratified_within_fold
target_specific_updating,oa_hb_tpm_map,source_mean,k_strategy,k10_clustered,hidden_brier,98,0.038106190913109704,0.03741245964656066,0.0006937312665490482,1.8542786897808872,0.0004012349583398654,0.0010008214340469204,harmful,candidate_minus_reference,patient_stratified_within_fold
target_specific_updating,oa_hb_tpm_map,source_mean,k_strategy,k10_random,mean_hidden_dice,98,0.747142062152869,0.7495202747087772,-0.0023782125559081275,-0.31729796193067245,-0.004195853746781197,-0.0005821652028733086,harmful,candidate_minus_reference,patient_stratified_within_fold
target_specific_updating,oa_hb_tpm_map,source_mean,k_strategy,k10_random,mean_hidden_hd95_px,98,9.885685643991298,9.749667828089677,0.13601781590161932,1.3951020516795418,0.07165784688907263,0.20238588665326945,harmful,candidate_minus_reference,patient_stratified_within_fold
target_specific_updating,oa_hb_tpm_map,source_mean,k_strategy,k10_random,area_curve_relative_rmse,98,0.6025311474654093,0.5904207054710466,0.01211044199436268,2.051154690569462,0.00771504469751462,0.016348115526304097,harmful,candidate_minus_reference,patient_stratified_within_fold
target_specific_updating,oa_hb_tpm_map,source_mean,k_strategy,k10_random,hidden_brier,98,0.037791750141020285,0.036959659291089145,0.000832090849931139,2.2513488108148048,0.0005866391637495535,0.0010873179955940132,harmful,candidate_minus_reference,patient_stratified_within_fold
target_specific_updating,oa_hb_tpm_map,source_mean,k_strategy,k10_uniform,mean_hidden_dice,98,0.7462180468134633,0.7484152204503464,-0.002197173636882929,-0.2935768243142913,-0.003949352951786651,-0.000449480887967911,harmful,candidate_minus_reference,patient_stratified_within_fold
target_specific_updating,oa_hb_tpm_map,source_mean,k_strategy,k10_uniform,mean_hidden_hd95_px,98,9.903726620786552,9.763256343163158,0.14047027762339417,1.4387646158831038,0.07788526604853414,0.20451948505173745,harmful,candidate_minus_reference,patient_stratified_within_fold
target_specific_updating,oa_hb_tpm_map,source_mean,k_strategy,k10_uniform,area_curve_relative_rmse,98,0.6024932173507513,0.5904207335228412,0.012072483827910246,2.0447255901529426,0.007741486559316261,0.016288056197062827,harmful,candidate_minus_reference,patient_stratified_within_fold
target_specific_updating,oa_hb_tpm_map,source_mean,k_strategy,k10_uniform,hidden_brier,98,0.03775211440741403,0.036924723269683934,0.0008273911377300992,2.240751086168347,0.0005903339650177777,0.0010659383267772476,harmful,candidate_minus_reference,patient_stratified_within_fold
