method_id,fold,k,best_epoch,best_validation_patient_mean_dice,n_history_epochs,final_validation_mean_full_cycle_dice,minimum_validation_total,final_validation_total
hb_tpm_latent_mse,0,10,40,0.7649444124904561,53,0.7628596053249759,0.3706242799758911,0.3729478776454925
hb_tpm_latent_mse,0,2,10,0.7578026254582279,23,0.7474511849504688,0.3900278925895691,0.4075409829616546
hb_tpm_latent_mse,0,3,10,0.7561273745299985,23,0.7471628139381685,0.3896319985389709,0.4081916570663452
hb_tpm_latent_mse,0,5,10,0.7555139648332294,23,0.7462068174614771,0.3894418895244598,0.4093950033187866
hb_tpm_latent_mse,0,7,53,0.7677041923295473,66,0.7601386126714542,0.3682188689708709,0.382399308681488
hb_tpm_latent_mse,1,10,42,0.7816245654704581,55,0.7748601468103968,0.3665546357631683,0.3665546357631683
hb_tpm_latent_mse,1,2,24,0.7726272408547821,37,0.7651192329511234,0.3720948755741119,0.3825012147426605
hb_tpm_latent_mse,1,3,35,0.7771461358693852,48,0.7670057376598975,0.3705422222614288,0.3739659607410431
hb_tpm_latent_mse,1,5,35,0.7795709563486833,48,0.7676641863953042,0.3688858389854431,0.3744081199169159
hb_tpm_latent_mse,1,7,35,0.7759404557953664,48,0.7684461994094767,0.3721071660518646,0.3744840145111084
hb_tpm_latent_mse,2,10,51,0.7912756820213934,64,0.781765588790796,0.3370045483112335,0.3535362124443054
hb_tpm_latent_mse,2,2,69,0.785454488497064,80,0.7467854740986619,0.3457898259162902,0.4046886682510376
hb_tpm_latent_mse,2,3,55,0.7920627314774334,68,0.7850382232481846,0.3341205358505249,0.3460759222507477
hb_tpm_latent_mse,2,5,55,0.796264011762565,68,0.7808613291344482,0.3261534035205841,0.3505022644996643
hb_tpm_latent_mse,2,7,55,0.7939271202973318,68,0.7702483245492869,0.3306556165218353,0.3662112653255462
hb_tpm_latent_mse,3,10,5,0.7286151044366673,18,0.7197123272210991,0.4544757306575775,0.4616571128368377
hb_tpm_latent_mse,3,2,5,0.7287433589373555,18,0.7202438812876845,0.4531563818454742,0.459875601530075
hb_tpm_latent_mse,3,3,5,0.7289912711060811,18,0.7219881704209306,0.4510607302188873,0.4576619148254394
hb_tpm_latent_mse,3,5,5,0.7288332358810413,18,0.7231732711805774,0.4505689918994903,0.4557363450527191
hb_tpm_latent_mse,3,7,5,0.7287762712952093,18,0.7221629653256249,0.4517295122146606,0.4574470698833465
hb_tpm_latent_mse,4,10,4,0.7437162822502537,17,0.7278281954558596,0.4397100031375885,0.4494006037712097
hb_tpm_latent_mse,4,2,4,0.7442773659688972,17,0.7287760416353116,0.4386728346347809,0.4479757249355316
hb_tpm_latent_mse,4,3,4,0.7442156186260774,17,0.728519504950366,0.4372329175472259,0.4481829285621643
hb_tpm_latent_mse,4,5,4,0.7443066354150893,17,0.7276170923526883,0.4376221120357513,0.4496497333049774
hb_tpm_latent_mse,4,7,4,0.7438328104117452,17,0.7278851265454045,0.4386813402175903,0.4490638554096222
oa_hb_tpm_isotropic_prior,0,10,10,0.7541176035468078,23,0.7466441467678124,0.0735819262452423,0.082774850167334
oa_hb_tpm_isotropic_prior,0,2,10,0.7570030432561026,23,0.7457544962548635,0.0485116001218557,0.0649577460251748
oa_hb_tpm_isotropic_prior,0,3,10,0.7544936085514721,23,0.7447291584513939,0.0545140354894101,0.0697777678491547
oa_hb_tpm_isotropic_prior,0,5,10,0.7545663308571996,23,0.744990496100198,0.0626551075838506,0.0749771535396575
oa_hb_tpm_isotropic_prior,0,7,10,0.7541483674582709,23,0.7468985663550108,0.071837058244273,0.0804244255647063
oa_hb_tpm_isotropic_prior,1,10,24,0.7679108094130693,37,0.7662666427182891,0.0553539596963673,0.0553539596963673
oa_hb_tpm_isotropic_prior,1,2,24,0.7716519571018872,37,0.7700408768890831,0.0284259095788002,0.0288243632763624
oa_hb_tpm_isotropic_prior,1,3,21,0.7691714182401388,34,0.7638340786524271,0.0354661002755165,0.0423455471172928
oa_hb_tpm_isotropic_prior,1,5,24,0.768893479678237,37,0.7676926740513816,0.0433015465736389,0.0438298162072896
oa_hb_tpm_isotropic_prior,1,7,24,0.7682472635332875,37,0.7662840329422552,0.0532000680221244,0.0532000680221244
oa_hb_tpm_isotropic_prior,2,10,33,0.7585337931105869,46,0.755884141070152,0.065408163703978,0.0689544169232249
oa_hb_tpm_isotropic_prior,2,2,38,0.7638266476934258,51,0.761424591035348,0.0363606077618896,0.0394710951950401
oa_hb_tpm_isotropic_prior,2,3,38,0.7616108269866207,51,0.760145165783998,0.0443172502331435,0.0450188968330621
oa_hb_tpm_isotropic_prior,2,5,22,0.7597302007135857,35,0.7579261793347529,0.0546353217214345,0.0597973613068461
oa_hb_tpm_isotropic_prior,2,7,33,0.75845320830487,46,0.7557062782704344,0.0634277638047933,0.0673593591898679
oa_hb_tpm_isotropic_prior,3,10,5,0.7280059814840103,18,0.7192950580932315,0.1810105174779891,0.1810105174779891
oa_hb_tpm_isotropic_prior,3,2,5,0.7279831569376501,18,0.7200930789991297,0.1554181717336177,0.1554181717336177
oa_hb_tpm_isotropic_prior,3,3,5,0.7280602208174428,18,0.7196826880326745,0.1621608473360538,0.1621608473360538
oa_hb_tpm_isotropic_prior,3,5,5,0.727828506855181,18,0.7193282005105148,0.1716356337070465,0.1716356337070465
oa_hb_tpm_isotropic_prior,3,7,5,0.7278949060416048,18,0.7192950580932315,0.1790439039468765,0.1790439039468765
oa_hb_tpm_isotropic_prior,4,10,4,0.7432037260588444,17,0.730240474414851,0.1824847400188446,0.1824847400188446
oa_hb_tpm_isotropic_prior,4,2,4,0.7438387311425313,17,0.7255081796615117,0.1672729358077049,0.1672729358077049
oa_hb_tpm_isotropic_prior,4,3,4,0.743508743967715,17,0.7271074600040023,0.1702390268445014,0.1702390268445014
oa_hb_tpm_isotropic_prior,4,5,4,0.7430846139684306,17,0.7286110645986048,0.1759989470243454,0.1759989470243454
oa_hb_tpm_isotropic_prior,4,7,4,0.7431175029178352,17,0.7305032984250756,0.1807368025183677,0.1807368025183677
oa_hb_tpm_map,0,10,10,0.7541105948932445,23,0.74642173763656,0.0735768535174429,0.082849264703691
oa_hb_tpm_map,0,2,10,0.7569364017291846,23,0.7458485830131456,0.0484901228919625,0.0650152016431093
oa_hb_tpm_map,0,3,10,0.7545346551965901,23,0.7447107300992388,0.0544102479238063,0.0699131536064669
oa_hb_tpm_map,0,5,10,0.7546937573216674,23,0.7449214438547695,0.0623746872879564,0.0753448251634836
oa_hb_tpm_map,0,7,10,0.7541627285233702,23,0.7469275098797399,0.0718186279293149,0.0805652782320976
oa_hb_tpm_map,1,10,24,0.7679513724943738,37,0.7662419092538849,0.0553512764628976,0.0553512764628976
oa_hb_tpm_map,1,2,24,0.7715937066200905,37,0.7700235073656064,0.0285108428448438,0.0289275888353586
oa_hb_tpm_map,1,3,21,0.7691859125090699,34,0.7638892616744988,0.0354547414928674,0.042350504361093
oa_hb_tpm_map,1,5,24,0.7690493951399344,37,0.76785145648784,0.0432076912373304,0.0436977060511708
oa_hb_tpm_map,1,7,24,0.7682417329796187,37,0.7662512992053372,0.0532258306746371,0.0532258306746371
oa_hb_tpm_map,2,10,33,0.758495553388254,46,0.7558005384972997,0.0654076403006911,0.0690279349684715
oa_hb_tpm_map,2,2,41,0.7637146786055395,54,0.7633042136210795,0.0366406816989183,0.0373216785490512
oa_hb_tpm_map,2,3,38,0.7615719552929633,51,0.7602747979177442,0.0444838973460719,0.0450372533872723
oa_hb_tpm_map,2,5,22,0.7599741607141525,35,0.7578630074396768,0.0543538201600313,0.0600698033347725
oa_hb_tpm_map,2,7,33,0.7584177974880685,46,0.7556585807791076,0.0634426120668649,0.067446763254702
oa_hb_tpm_map,3,10,5,0.7279757587626557,18,0.7192950580932315,0.181042031943798,0.181042031943798
oa_hb_tpm_map,3,2,5,0.7279755263054242,18,0.7201027039429155,0.1554197296500206,0.1554197296500206
oa_hb_tpm_map,3,3,5,0.7280541893420616,18,0.7196678875883277,0.1621894009411335,0.1621894009411335
oa_hb_tpm_map,3,5,5,0.7278476916616163,18,0.7193302346813194,0.1716814279556274,0.1716814279556274
oa_hb_tpm_map,3,7,5,0.7279057397588802,18,0.7192950580932315,0.1791173353791237,0.1791173353791237
oa_hb_tpm_map,4,10,4,0.7432334268537913,17,0.730214710657447,0.1825176477432251,0.1825176477432251
oa_hb_tpm_map,4,2,4,0.7438458638491958,17,0.7256629374341051,0.167054907977581,0.167054907977581
oa_hb_tpm_map,4,3,4,0.7434924006318143,17,0.727166291587157,0.1703599140048027,0.1703599140048027
oa_hb_tpm_map,4,5,4,0.7431290735125804,17,0.7284616067919988,0.1764305591583252,0.1764305591583252
oa_hb_tpm_map,4,7,4,0.7431347385837428,17,0.7305835127361161,0.1808719679713249,0.1808719679713249
oa_hb_tpm_no_phase_alignment,0,10,10,0.7541083493532793,23,0.7464290070701207,0.0735766546800732,0.0828454641625285
oa_hb_tpm_no_phase_alignment,0,2,10,0.7570349217395828,23,0.7458644225650906,0.0485147457569837,0.0648946191184222
oa_hb_tpm_no_phase_alignment,0,3,10,0.7545483541730147,23,0.7449122265132264,0.0543396020773798,0.0698065557517111
oa_hb_tpm_no_phase_alignment,0,5,10,0.754711253973762,23,0.7449315016934077,0.0623858193866908,0.0753693980164826
oa_hb_tpm_no_phase_alignment,0,7,10,0.7541912156710493,23,0.7469253951127786,0.0718230802565813,0.0805667411535978
oa_hb_tpm_no_phase_alignment,1,10,24,0.7679572256534835,37,0.7662415116353669,0.0553551703225821,0.0553551703225821
oa_hb_tpm_no_phase_alignment,1,2,24,0.7714941791919376,37,0.7699745580603384,0.0285129275172948,0.0289110945537686
oa_hb_tpm_no_phase_alignment,1,3,21,0.769226710662427,34,0.7639514546603264,0.0354919962584972,0.0424640659242868
oa_hb_tpm_no_phase_alignment,1,5,24,0.7690390949332773,37,0.7678419102572651,0.0432271542027592,0.0436916258186101
oa_hb_tpm_no_phase_alignment,1,7,24,0.768240622080366,37,0.7662753126214523,0.0532251636614091,0.0532251636614091
oa_hb_tpm_no_phase_alignment,2,10,33,0.7584900532883317,46,0.7557852713134253,0.0654113596305251,0.0690192207694053
oa_hb_tpm_no_phase_alignment,2,2,38,0.7636454192724786,51,0.7612263404796786,0.0367544863373041,0.0399670363403856
oa_hb_tpm_no_phase_alignment,2,3,38,0.7615395589185303,51,0.7602826562514542,0.0445564480032771,0.0450452180579304
oa_hb_tpm_no_phase_alignment,2,5,22,0.7600136137935553,35,0.7578817010401228,0.0544452555477619,0.0600893285125494
oa_hb_tpm_no_phase_alignment,2,7,33,0.7584177974880685,46,0.7556896605302624,0.0634561244398355,0.0674305085092783
oa_hb_tpm_no_phase_alignment,3,10,5,0.7279757587626557,18,0.7192950580932315,0.181035815179348,0.181035815179348
oa_hb_tpm_no_phase_alignment,3,2,5,0.7280345433999535,18,0.7199839264544513,0.1556040063500404,0.1556040063500404
oa_hb_tpm_no_phase_alignment,3,3,5,0.7280726207062603,18,0.7197286667407551,0.1621005170047283,0.1621005170047283
oa_hb_tpm_no_phase_alignment,3,5,5,0.7278403217089185,18,0.7192772911612438,0.1717180207371711,0.1717180207371711
oa_hb_tpm_no_phase_alignment,3,7,5,0.7279003297496441,18,0.7192950580932315,0.1791210770606994,0.1791210770606994
oa_hb_tpm_no_phase_alignment,4,10,4,0.7432323357546149,17,0.7302048302223696,0.1825321480631828,0.1825321480631828
oa_hb_tpm_no_phase_alignment,4,2,4,0.7438853833226129,17,0.7259541457121415,0.1666761294007301,0.1666761294007301
oa_hb_tpm_no_phase_alignment,4,3,4,0.7435105664175963,17,0.7273882617507353,0.1700811147689819,0.1700811147689819
oa_hb_tpm_no_phase_alignment,4,5,4,0.7431114454413352,17,0.7283889763784475,0.1765466853976249,0.1765466853976249
oa_hb_tpm_no_phase_alignment,4,7,4,0.7431353854071034,17,0.7305251551764045,0.180902050435543,0.180902050435543
source_mean,0,10,10,0.7576362855418586,23,0.7450444592325957,0.0498204967007041,0.0711757109500467
source_mean,0,2,10,0.7575619665360164,23,0.7450040207421897,0.0492676565423607,0.0689551874995231
source_mean,0,3,10,0.7575440619145782,23,0.7450812441349889,0.0510118523612618,0.0665316079277545
source_mean,0,5,10,0.7576124987458097,23,0.745133768818876,0.0503122044727206,0.0679541554767638
source_mean,0,7,10,0.7576424345517683,23,0.7451269162215606,0.0502367915585637,0.06909721926786
source_mean,1,10,13,0.7713089991644025,26,0.7643647907696159,0.0291925463825464,0.0388576364144682
source_mean,1,2,13,0.77107295670879,26,0.7637799497381611,0.0274813706055283,0.0357419371604919
source_mean,1,3,13,0.7710097973177085,26,0.7638867484610794,0.0305272426456213,0.0365509659051895
source_mean,1,5,13,0.7711754017469509,26,0.7639570789720918,0.0305129423737525,0.0381941908970475
source_mean,1,7,13,0.7712768219295804,26,0.7643073417263322,0.0318973343819379,0.0365926150232553
source_mean,2,10,9,0.7635095190534013,22,0.7584597866629014,0.0483393751084804,0.0483393751084804
source_mean,2,2,9,0.7632105942642994,22,0.7583746481056223,0.0471518162637949,0.0471518162637949
source_mean,2,3,9,0.763340067936399,22,0.7583277868136258,0.0483640380203723,0.0483640380203723
source_mean,2,5,9,0.7634669878294268,22,0.758378151112041,0.0485879622399807,0.0485879622399807
source_mean,2,7,9,0.7634910894014503,22,0.7583305726526155,0.0491405442357063,0.0491405442357063
source_mean,3,10,5,0.7293578319621333,18,0.7205769231720788,0.1577359043061733,0.1577359043061733
source_mean,3,2,5,0.7290409567108993,18,0.7203469586908097,0.1589539781212806,0.1589539781212806
source_mean,3,3,5,0.7291185365574504,18,0.720343382534959,0.1581490032374858,0.1581490032374858
source_mean,3,5,5,0.729289998667975,18,0.7204081933457389,0.1579096868634223,0.1579096868634223
source_mean,3,7,5,0.7293321922490289,18,0.7204582790907781,0.1580417938530445,0.1580417938530445
source_mean,4,10,4,0.7449862243964309,17,0.7319762405533891,0.1572736859321594,0.1572736859321594
source_mean,4,2,4,0.744859060642032,17,0.732165349482244,0.1574690409004688,0.1574690409004688
source_mean,4,3,4,0.7449663754151309,17,0.7319363241436504,0.1577755682170391,0.1577755682170391
source_mean,4,5,4,0.745005259371598,17,0.7319297404243308,0.1570851124823093,0.1570851124823093
source_mean,4,7,4,0.7450380941862956,17,0.7319503699995699,0.1578787557780742,0.1578787557780742
target_only,0,10,10,0.7538279416558893,23,0.7459072799531614,0.0487445710226893,0.0593155840411782
target_only,0,2,10,0.7541164932935442,23,0.7455499434808066,0.04582683686167,0.0613804709166288
target_only,0,3,10,0.7535207574611608,23,0.746357681996042,0.0461291084066033,0.0594359640032053
target_only,0,5,10,0.7541181423776354,23,0.7467186908622051,0.0468102134764194,0.0561521138995885
target_only,0,7,10,0.753923223368139,23,0.7458383721338026,0.0474415393546223,0.0606325346976518
target_only,1,10,24,0.7680380388610827,37,0.7660432770760379,0.0287282232195138,0.0287282232195138
target_only,1,2,21,0.7680632620856749,34,0.7628211957503548,0.0284372124820947,0.0345195531845092
target_only,1,3,32,0.7674560606446044,45,0.7641421688521721,0.0288535073399543,0.0324652280658483
target_only,1,5,24,0.7682561947117075,37,0.7663657543649378,0.0287785109132528,0.0288334477692842
target_only,1,7,24,0.7677768955003714,37,0.7663498340040578,0.0285468004643917,0.0285468004643917
target_only,2,10,9,0.7579168257275579,22,0.755992715476435,0.0470157384872436,0.0470157384872436
target_only,2,2,33,0.758787360318005,46,0.7563133461464002,0.0383845247328281,0.0421859450638294
target_only,2,3,11,0.7578090799100028,24,0.7567241277189174,0.0439992724917829,0.0448119569569826
target_only,2,5,11,0.7585312606707105,24,0.7572615890305137,0.0426081514451652,0.0433910388499498
target_only,2,7,9,0.7583538973973584,22,0.7559556437406527,0.0479840591549873,0.0479840591549873
target_only,3,10,5,0.728593635440812,18,0.7192928255504061,0.1534306578338146,0.1534306578338146
target_only,3,2,5,0.7277375448443396,18,0.7195718029457152,0.1506291970610618,0.1506291970610618
target_only,3,3,5,0.7277581130414629,18,0.7194121366914388,0.1523633189499378,0.1523633189499378
target_only,3,5,5,0.7280040669227583,18,0.7193313167444773,0.1556416414678096,0.1556416414678096
target_only,3,7,5,0.728142872535211,18,0.7192797300658254,0.1539256997406482,0.1539256997406482
target_only,4,10,4,0.742504520055767,17,0.7325191692602002,0.1527036465704441,0.1527036465704441
target_only,4,2,4,0.7435268451763017,17,0.7314829782707786,0.1509926922619343,0.1509926922619343
target_only,4,3,4,0.7432767741055522,17,0.7318907784340823,0.1550683498382568,0.1550683498382568
target_only,4,5,4,0.7427884847873173,17,0.7308087562009378,0.1581627607345581,0.1581627607345581
target_only,4,7,4,0.7426862343115638,17,0.7308398518783044,0.1577704459428787,0.1577704459428787
