method_id,strategy,metric,n_accepted,n_rejected,accepted_mean,rejected_mean,rejected_minus_accepted
hb_tpm_latent_mse,clustered,mean_hidden_dice,1973,477,0.758981909832445,0.7376188435071996,-0.021363066325245317
hb_tpm_latent_mse,clustered,mean_hidden_hd95_px,1973,477,9.268224222993174,10.236038017329358,0.967813794336184
hb_tpm_latent_mse,clustered,area_curve_relative_rmse,1973,477,0.5451463031907506,0.6765476713066622,0.13140136811591152
hb_tpm_latent_mse,random,mean_hidden_dice,2013,437,0.7573038780403852,0.7312503089886162,-0.026053569051769032
hb_tpm_latent_mse,random,mean_hidden_hd95_px,2013,437,9.213529666357072,10.267685332433409,1.054155666076337
hb_tpm_latent_mse,random,area_curve_relative_rmse,2013,437,0.5477156805265618,0.6417132400467879,0.09399755952022604
hb_tpm_latent_mse,uniform,mean_hidden_dice,434,56,0.758244219172409,0.7038962727299866,-0.05434794644242247
hb_tpm_latent_mse,uniform,mean_hidden_hd95_px,434,56,9.182012314119923,10.744894897291719,1.5628825831717954
hb_tpm_latent_mse,uniform,area_curve_relative_rmse,434,56,0.5656244606706328,0.5045435095104418,-0.061080951160190966
oa_hb_tpm_isotropic_prior,clustered,mean_hidden_dice,309,2141,0.76167864905978,0.7484060724692255,-0.013272576590554475
oa_hb_tpm_isotropic_prior,clustered,mean_hidden_hd95_px,309,2141,9.449940653855638,9.93292215375974,0.48298149990410266
oa_hb_tpm_isotropic_prior,clustered,area_curve_relative_rmse,309,2141,0.4364904542215255,0.6282476332473984,0.19175717902587291
oa_hb_tpm_isotropic_prior,random,mean_hidden_dice,797,1653,0.7529654373621972,0.744944689475293,-0.008020747886904211
oa_hb_tpm_isotropic_prior,random,mean_hidden_hd95_px,797,1653,9.703047800955972,9.955749074103563,0.2527012731475917
oa_hb_tpm_isotropic_prior,random,area_curve_relative_rmse,797,1653,0.5625128624265645,0.6195692787690423,0.05705641634247782
oa_hb_tpm_isotropic_prior,uniform,mean_hidden_dice,459,31,0.7477286424070637,0.7364016068863954,-0.011327035520668272
oa_hb_tpm_isotropic_prior,uniform,mean_hidden_hd95_px,459,31,9.721725638190366,11.670766662826654,1.9490410246362888
oa_hb_tpm_isotropic_prior,uniform,area_curve_relative_rmse,459,31,0.6041339212258449,0.48718955850513934,-0.11694436272070552
oa_hb_tpm_map,clustered,mean_hidden_dice,297,2153,0.7608865672870949,0.7484906829685054,-0.012395884318589512
oa_hb_tpm_map,clustered,mean_hidden_hd95_px,297,2153,9.535190490163632,9.920069551065577,0.38487906090194457
oa_hb_tpm_map,clustered,area_curve_relative_rmse,297,2153,0.4080552082063183,0.6316048079687757,0.22354959976245742
oa_hb_tpm_map,random,mean_hidden_dice,801,1649,0.7521572912792925,0.7451573814711923,-0.00699990980810028
oa_hb_tpm_map,random,mean_hidden_hd95_px,801,1649,9.701998999334327,9.960885691885023,0.2588866925506963
oa_hb_tpm_map,random,area_curve_relative_rmse,801,1649,0.5721923337161435,0.6159310784085665,0.043738744692423004
oa_hb_tpm_map,uniform,mean_hidden_dice,462,28,0.7477461524398074,0.7336152023184558,-0.014130950121351571
oa_hb_tpm_map,uniform,mean_hidden_hd95_px,462,28,9.748732234558217,11.436128059611416,1.6873958250531995
oa_hb_tpm_map,uniform,area_curve_relative_rmse,462,28,0.6067919483193082,0.43582443756305683,-0.17096751075625133
oa_hb_tpm_no_phase_alignment,clustered,mean_hidden_dice,296,2154,0.7626366499489217,0.7483926166280778,-0.014244033320843896
oa_hb_tpm_no_phase_alignment,clustered,mean_hidden_hd95_px,296,2154,9.452828376915843,9.928841904381585,0.4760135274657422
oa_hb_tpm_no_phase_alignment,clustered,area_curve_relative_rmse,296,2154,0.38961286862355826,0.6334045108281167,0.2437916422045584
oa_hb_tpm_no_phase_alignment,random,mean_hidden_dice,819,1631,0.7521925972914608,0.7452605495084105,-0.0069320477830503435
oa_hb_tpm_no_phase_alignment,random,mean_hidden_hd95_px,819,1631,9.67425949360891,9.972988156198587,0.2987286625896779
oa_hb_tpm_no_phase_alignment,random,area_curve_relative_rmse,819,1631,0.5655953297569055,0.6186964226195143,0.05310109286260878
oa_hb_tpm_no_phase_alignment,uniform,mean_hidden_dice,461,29,0.7480455781560599,0.731167342415236,-0.01687823574082392
oa_hb_tpm_no_phase_alignment,uniform,mean_hidden_hd95_px,461,29,9.754943960575218,11.248742617278015,1.493798656702797
oa_hb_tpm_no_phase_alignment,uniform,area_curve_relative_rmse,461,29,0.6076238012130393,0.4250632266840076,-0.18256057452903168
source_mean,clustered,mean_hidden_dice,1181,1269,0.7495856392618561,0.7530556948067325,0.003470055544876449
source_mean,clustered,mean_hidden_hd95_px,1181,1269,9.844025783122282,9.699391957084229,-0.14463382603805286
source_mean,clustered,area_curve_relative_rmse,1181,1269,0.5437764673888565,0.6344662060728877,0.09068973868403118
source_mean,random,mean_hidden_dice,1402,1048,0.7495877033608909,0.7480861706331102,-0.0015015327277806412
source_mean,random,mean_hidden_hd95_px,1402,1048,9.73399766266514,9.811713689215301,0.07771602655016174
source_mean,random,area_curve_relative_rmse,1402,1048,0.5749592213665382,0.6118747916287894,0.03691557026225123
source_mean,uniform,mean_hidden_dice,443,47,0.7520652546916584,0.7103630454163232,-0.04170220927533519
source_mean,uniform,mean_hidden_hd95_px,443,47,9.520071942964249,12.025333562469367,2.5052616195051183
source_mean,uniform,area_curve_relative_rmse,443,47,0.571408118208475,0.7730575493108255,0.20164943110235045
target_only,clustered,mean_hidden_dice,742,1708,0.7535238336637958,0.7467208896284079,-0.006802944035387948
target_only,clustered,mean_hidden_hd95_px,742,1708,9.671242228160834,9.997888454164986,0.3266462260041525
target_only,clustered,area_curve_relative_rmse,742,1708,0.5213082085475915,0.6445002196153438,0.12319201106775224
target_only,random,mean_hidden_dice,1176,1274,0.7482708820884778,0.7444107498523629,-0.0038601322361149215
target_only,random,mean_hidden_hd95_px,1176,1274,9.763451733663748,10.063670310398098,0.30021857673435015
target_only,random,area_curve_relative_rmse,1176,1274,0.5499818010990712,0.6604331475346137,0.11045134643554244
target_only,uniform,mean_hidden_dice,444,46,0.7448573357528662,0.7527720529074226,0.007914717154556383
target_only,uniform,mean_hidden_hd95_px,444,46,9.902705071345109,9.949613873666792,0.04690880232168304
target_only,uniform,area_curve_relative_rmse,444,46,0.6154922791007499,0.5155454176403169,-0.09994686146043297
