method_id,k,strategy,n_patient_observations,n_patients,rejection_rate,trust_score_mean,trust_score_median,threshold_mean,trust_score_q05,trust_score_q25,trust_score_q75,trust_score_q95
hb_tpm_latent_mse,2,clustered,490,98,0.5897959183673469,0.00048535534914826003,0.00026346498634665,0.0004888243303235558,8.047580631682649e-05,0.000110142038465625,0.0006204177916515001,0.0014267000835388596
hb_tpm_latent_mse,2,random,490,98,0.5693877551020409,0.0004817479901248165,0.00023844608222129999,0.0004888243303235558,6.791197010898031e-05,0.0001168886810773,0.000708410152583375,0.0015727180871180748
hb_tpm_latent_mse,2,uniform,98,98,0.07142857142857142,0.0002720739109407579,8.899652675609104e-05,0.0004888243303235558,3.845032879326027e-05,6.020004457241157e-05,0.00039809454028719995,0.001105813524918569
hb_tpm_latent_mse,3,clustered,490,98,0.3816326530612245,0.0005036621370705106,0.00040631198498879996,0.0006557318382410102,0.00014896885113553,0.0002112252659571,0.000608987815212375,0.00154408861417317
hb_tpm_latent_mse,3,random,490,98,0.16938775510204082,0.0003957973032142758,0.00029709470982195005,0.0006557318382410102,8.948940812842922e-05,0.00016239760589079999,0.000488039229821825,0.0011549173155798547
hb_tpm_latent_mse,3,uniform,98,98,0.10204081632653061,0.0004517315560684051,0.00026885246916205,0.0006557318382410102,0.00012713998730755,0.00017533847130829999,0.00061323701811485,0.0012351334211416082
hb_tpm_latent_mse,5,clustered,490,98,0.0,0.00026646007514050015,0.00024281262449215001,0.0006360144919996724,0.000149357978079895,0.00020496349316085,0.000302846412523625,0.00048035994987001486
hb_tpm_latent_mse,5,random,490,98,0.0163265306122449,0.00032993943020055006,0.000291254138574,0.0006360144919996724,0.00016941589710765,0.00023458965733875,0.000370228714018575,0.0007000911980866699
hb_tpm_latent_mse,5,uniform,98,98,0.12244897959183673,0.0004464189055118704,0.00040607644768895,0.0006360144919996724,0.00028096385940439,0.00034362609585507505,0.00046961275802455003,0.0009208927629515447
hb_tpm_latent_mse,7,clustered,490,98,0.0,0.00022258866759195344,0.00020432026212795,0.0006002166424432,0.00012379017134659,0.0001702908157312,0.000248696043854525,0.00040693016198926495
hb_tpm_latent_mse,7,random,490,98,0.02040816326530612,0.00037413828883597655,0.00032919895602385,0.0006002166424432,0.00020710926546594501,0.00027717164630295,0.00041110668098552497,0.0007928340521174897
hb_tpm_latent_mse,7,uniform,98,98,0.11224489795918367,0.00046056987181994287,0.00041049548599395003,0.0006002166424432001,0.000319243549893085,0.000369253350072475,0.000479660360724575,0.0008790021296590347
hb_tpm_latent_mse,10,clustered,490,98,0.0020408163265306124,0.00019279639867702183,0.000190510370885,0.0004494732497639398,0.00011280583712499,0.0001525446568848,0.000220632948185,0.0002932432369561549
hb_tpm_latent_mse,10,random,490,98,0.11632653061224489,0.00034140767262321814,0.00033322680974374997,0.0004494732497639398,0.00022843080223534,0.00028806953923772496,0.00038322906766544997,0.00048218523152166983
hb_tpm_latent_mse,10,uniform,98,98,0.16326530612244897,0.00037084029018113676,0.0003691068704938,0.0004494732497639398,0.000263636132876785,0.000314003620587725,0.000408988795243175,0.0005194293014937149
oa_hb_tpm_isotropic_prior,2,clustered,490,98,0.9836734693877551,1.2918122378119288e-05,1.8907122466771398e-05,6.423920516523622e-06,4.072578320801768e-07,8.16993022567658e-07,2.183753031204105e-05,2.5353500132041507e-05
oa_hb_tpm_isotropic_prior,2,random,490,98,0.8612244897959184,1.397321724550345e-05,1.4276506590249483e-05,6.423920516523622e-06,3.248054042614968e-07,7.160350889989786e-07,2.392103215242969e-05,3.53991557858535e-05
oa_hb_tpm_isotropic_prior,2,uniform,98,98,0.05102040816326531,6.020725842453041e-06,5.2825100738118635e-06,6.423920516523622e-06,3.360335256274993e-07,4.923221155195279e-07,1.0664022966011544e-05,1.4071720443098457e-05
oa_hb_tpm_isotropic_prior,3,clustered,490,98,0.8653061224489796,2.1109902773295458e-05,1.9412389519857243e-05,1.689050651567432e-05,6.958191022476967e-07,1.2100734920750254e-06,3.018348616024014e-05,6.143891623651143e-05
oa_hb_tpm_isotropic_prior,3,random,490,98,0.5326530612244897,1.919677916536144e-05,1.4440486211242387e-05,1.689050651567432e-05,6.458240420670337e-07,1.0659870213203249e-06,2.9485528102668468e-05,6.291922109085133e-05
oa_hb_tpm_isotropic_prior,3,uniform,98,98,0.05102040816326531,1.6454267896575883e-05,1.2782213616446825e-05,1.689050651567432e-05,7.315422806186689e-07,9.926029633788858e-07,2.197251251345734e-05,4.7999111666285904e-05
oa_hb_tpm_isotropic_prior,5,clustered,490,98,0.9163265306122449,7.207264183565167e-05,9.185571980196984e-05,4.2041864278453946e-05,1.4212163659976796e-05,2.295955164299812e-05,0.00011140212700405,0.00011863756008093
oa_hb_tpm_isotropic_prior,5,random,490,98,0.5224489795918368,4.793855255901778e-05,3.6511399230221286e-05,4.2041864278453946e-05,9.731771683618718e-07,2.694935233193973e-06,7.641922638867982e-05,0.00013797819337920485
oa_hb_tpm_isotropic_prior,5,uniform,98,98,0.05102040816326531,4.1577402130911434e-05,2.2847876607556827e-05,4.2041864278453946e-05,1.115983678801058e-06,1.501638450918108e-06,7.818623635102995e-05,0.00011014770170730499
oa_hb_tpm_isotropic_prior,7,clustered,490,98,1.0,8.962956599132155e-05,9.81569646683056e-05,2.964275533569741e-05,4.46562940851436e-05,6.912659046065528e-05,0.00010669651237545,0.00011542303400339
oa_hb_tpm_isotropic_prior,7,random,490,98,0.9408163265306122,9.111126519721396e-05,7.630409163539298e-05,2.964275533569741e-05,4.12990848417394e-06,3.880656913679559e-05,0.00012340729517737502,0.00024489195784547477
oa_hb_tpm_isotropic_prior,7,uniform,98,98,0.061224489795918366,2.934399425060162e-05,1.6813048205222003e-05,2.964275533569741e-05,8.055140682472483e-07,1.4418378100344855e-06,5.4480191465700045e-05,7.706149044679478e-05
oa_hb_tpm_isotropic_prior,10,clustered,490,98,0.6040816326530613,0.00010179547939419949,9.532118565402924e-05,0.000137684524491151,5.228320933383657e-05,7.990930862433743e-05,0.00011202027053512501,0.00017083704806276995
oa_hb_tpm_isotropic_prior,10,random,490,98,0.5163265306122449,7.640983706977026e-05,6.276635758695193e-05,0.000137684524491151,1.8662902857613516e-05,4.247083779773675e-05,9.534288255963473e-05,0.000161852731253005
oa_hb_tpm_isotropic_prior,10,uniform,98,98,0.10204081632653061,8.215872331878491e-05,4.834879291593097e-05,0.000137684524491151,1.361107524644467e-05,3.336171175760683e-05,0.00010379985906179467,0.00023361973944701497
oa_hb_tpm_map,2,clustered,490,98,1.0,1.295016686277236e-05,1.849833279266022e-05,6.690074833641676e-06,3.903014885509038e-07,9.400165765782731e-07,2.11691262848035e-05,2.6619390609994288e-05
oa_hb_tpm_map,2,random,490,98,0.8816326530612245,1.4070595596495292e-05,1.4142462077870732e-05,6.690074833641676e-06,3.242788380930506e-07,8.421261838975624e-07,2.4002573809411842e-05,3.6670476038125334e-05
oa_hb_tpm_map,2,uniform,98,98,0.061224489795918366,6.289370390112597e-06,5.424389655672712e-06,6.690074833641676e-06,3.1843134280507e-07,5.164901182297399e-07,1.0871569656956126e-05,1.5091898512764601e-05
oa_hb_tpm_map,3,clustered,490,98,0.8510204081632653,2.1872167269521015e-05,2.0821763428102713e-05,1.80854286921259e-05,8.464132520202839e-07,1.2440619343578874e-06,3.141606066492386e-05,6.381888342730234e-05
oa_hb_tpm_map,3,random,490,98,0.4816326530612245,1.989892884985326e-05,1.4898006156727206e-05,1.80854286921259e-05,6.911233839446141e-07,1.094153901703976e-06,3.0180434350768337e-05,6.495085472124629e-05
oa_hb_tpm_map,3,uniform,98,98,0.061224489795918366,1.765005010861851e-05,1.4147946330922423e-05,1.80854286921259e-05,8.55385658837804e-07,1.0984997516061412e-06,2.334521241209586e-05,5.111147456773324e-05
oa_hb_tpm_map,5,clustered,490,98,0.9387755102040817,7.377116805342934e-05,9.225995745509863e-05,4.18755867550556e-05,1.4574622991858633e-05,2.390751069469843e-05,0.0001124740647355,0.00012552071420934998
oa_hb_tpm_map,5,random,490,98,0.5510204081632653,4.855775870166114e-05,3.751428084797226e-05,4.18755867550556e-05,1.03876120078894e-06,2.9315269785001874e-06,7.717379776295274e-05,0.00013753512757825494
oa_hb_tpm_map,5,uniform,98,98,0.030612244897959183,4.139789280435888e-05,2.3094844436855055e-05,4.18755867550556e-05,1.1267493903233116e-06,1.5155941923694625e-06,7.743545575067401e-05,0.00010971663068626499
oa_hb_tpm_map,7,clustered,490,98,1.0,8.888582520663431e-05,9.644310921430588e-05,2.8727163295134604e-05,4.3550714690354655e-05,7.039644151518587e-05,0.000104985716461625,0.00011430185732018498
oa_hb_tpm_map,7,random,490,98,0.9408163265306122,8.519066287050206e-05,7.311368608498015e-05,2.8727163295134604e-05,3.4048591601276723e-06,3.4631126254680566e-05,0.0001202222974825,0.00022191359093989466
oa_hb_tpm_map,7,uniform,98,98,0.030612244897959183,2.8431232695483026e-05,1.6184765627258457e-05,2.87271632951346e-05,6.895337975265647e-07,1.251796106771508e-06,5.263483035378158e-05,7.522086743847468e-05
oa_hb_tpm_map,10,clustered,490,98,0.6040816326530613,9.958515213521189e-05,9.334514834336005e-05,0.0001359238810177135,5.040884079789976e-05,7.797874604875688e-05,0.000110218952613625,0.00016854826681075995
oa_hb_tpm_map,10,random,490,98,0.5102040816326531,7.41145335194466e-05,6.17313853581436e-05,0.0001359238810177135,1.8248373544338398e-05,4.115776755497791e-05,9.394885455549228e-05,0.0001578956711455097
oa_hb_tpm_map,10,uniform,98,98,0.10204081632653061,8.037810165455106e-05,4.7170200559776276e-05,0.00013592388101771351,1.3114735429553546e-05,3.215908509446308e-05,9.984368443832278e-05,0.00022059106850057995
oa_hb_tpm_no_phase_alignment,2,clustered,490,98,0.9836734693877551,1.3121464534453146e-05,1.8975723833136726e-05,6.8849811099175435e-06,4.25809201942684e-07,7.680427103196052e-07,2.1824742361786775e-05,2.7023722759622603e-05
oa_hb_tpm_no_phase_alignment,2,random,490,98,0.8530612244897959,1.416552100762049e-05,1.416975192114478e-05,6.8849811099175435e-06,3.450047714181892e-07,7.137680171354077e-07,2.425798584226868e-05,3.707229552674107e-05
oa_hb_tpm_no_phase_alignment,2,uniform,98,98,0.07142857142857142,6.519410344689815e-06,5.707414402422728e-06,6.8849811099175435e-06,3.3826901386646573e-07,4.617784554739046e-07,1.1206616363779176e-05,1.5695926231273914e-05
oa_hb_tpm_no_phase_alignment,3,clustered,490,98,0.863265306122449,2.1925568981199535e-05,2.161328939109808e-05,1.7633374645532857e-05,9.312876812828108e-07,1.3101898730383252e-06,3.205527627869742e-05,6.282116373768076e-05
oa_hb_tpm_no_phase_alignment,3,random,490,98,0.4897959183673469,1.9918831754364207e-05,1.5430320672749076e-05,1.7633374645532857e-05,7.252432396853692e-07,1.1391133512006493e-06,3.054507033084519e-05,6.453080677601972e-05
oa_hb_tpm_no_phase_alignment,3,uniform,98,98,0.04081632653061224,1.7212474427206146e-05,1.469022117817076e-05,1.7633374645532857e-05,8.879642422243706e-07,1.1195515696726943e-06,2.3217848138301633e-05,4.8284524200425946e-05
oa_hb_tpm_no_phase_alignment,5,clustered,490,98,0.9448979591836735,7.411911409112575e-05,9.189927004626952e-05,4.197523618821602e-05,1.4070314728087397e-05,2.458919152559247e-05,0.00011296435513935,0.00012758606535492498
oa_hb_tpm_no_phase_alignment,5,random,490,98,0.5346938775510204,4.869937175911536e-05,3.7622730815201066e-05,4.197523618821602e-05,1.0412305528006983e-06,3.002700680099225e-06,7.736150837445166e-05,0.00013946764884160972
oa_hb_tpm_no_phase_alignment,5,uniform,98,98,0.04081632653061224,4.1493385282936405e-05,2.3571623387397267e-05,4.197523618821602e-05,1.115238109150596e-06,1.5454791650881816e-06,7.74828531575622e-05,0.00010966100962829501
oa_hb_tpm_no_phase_alignment,7,clustered,490,98,1.0,8.897761524295173e-05,9.680632138042712e-05,2.8776571918003858e-05,4.411970076034777e-05,6.994846626184881e-05,0.00010527848644407501,0.00011423919750083498
oa_hb_tpm_no_phase_alignment,7,random,490,98,0.9428571428571428,8.529688844094938e-05,7.322125020436943e-05,2.8776571918003858e-05,3.433470510572079e-06,3.538989221851807e-05,0.000120589305879475,0.00022066049205017962
oa_hb_tpm_no_phase_alignment,7,uniform,98,98,0.04081632653061224,2.848071041547214e-05,1.632245948712807e-05,2.8776571918003858e-05,7.078696683038288e-07,1.2647517166897158e-06,5.270699239190435e-05,7.522361374867614e-05
oa_hb_tpm_no_phase_alignment,10,clustered,490,98,0.6040816326530613,9.962887000866551e-05,9.35917669266928e-05,0.00013614947210394804,5.087204299343284e-05,7.822707993909717e-05,0.000110705366750975,0.00016780870937504493
oa_hb_tpm_no_phase_alignment,10,random,490,98,0.5081632653061224,7.412399419655788e-05,6.166366074467078e-05,0.00013614947210394804,1.8271298449690222e-05,4.115819228900364e-05,9.38602606765926e-05,0.00015823460853420473
oa_hb_tpm_no_phase_alignment,10,uniform,98,98,0.10204081632653061,8.041811518949755e-05,4.716093826573342e-05,0.00013614947210394802,1.3100113210384735e-05,3.2141840165422764e-05,9.959606722985062e-05,0.00022201648753246493
source_mean,2,clustered,490,98,0.6326530612244898,0.021288993430195552,0.0184806725010275,0.020157182222702595,0.0008403989922953101,0.004812799859791925,0.03608486894518132,0.05017816051840777
source_mean,2,random,490,98,0.5183673469387755,0.020558279941668593,0.0143151101656258,0.020157182222702595,0.0006678427307632801,0.0022267611930146002,0.03262631688266985,0.061239398457109885
source_mean,2,uniform,98,98,0.09183673469387756,0.018964151277477633,0.0093456301838159,0.020157182222702595,0.000789833973976715,0.001326350698945975,0.019367755390703675,0.06537433899939057
source_mean,3,clustered,490,98,0.4857142857142857,0.018030702547830655,0.0196428559720516,0.021767039801711553,0.00095745720027474,0.0030467733740806,0.026212939992547,0.04118972979485981
source_mean,3,random,490,98,0.35918367346938773,0.018245086885723762,0.01544741587713355,0.021767039801711553,0.0008216579910367251,0.002313412667717775,0.026687197387218427,0.05288742370903484
source_mean,3,uniform,98,98,0.12244897959183673,0.020911535716197423,0.0187928713858127,0.021767039801711557,0.0015629922971128899,0.0032201225985772,0.02678506262600415,0.05401169601827852
source_mean,5,clustered,490,98,0.6428571428571429,0.017441550026795,0.01707237493246785,0.01593381379723866,0.0007938651106087149,0.0032008572015911,0.0283382982015609,0.0437370091676712
source_mean,5,random,490,98,0.5265306122448979,0.016458539205973878,0.0160755161195993,0.01593381379723866,0.00108160250820216,0.00266309786820775,0.026211215183138774,0.04283389896154402
source_mean,5,uniform,98,98,0.11224489795918367,0.015545895775751523,0.015170502010732851,0.01593381379723866,0.001334407844115005,0.0029946147114969,0.024049703031778273,0.03341545611619943
source_mean,7,clustered,490,98,0.39387755102040817,0.014446554992618748,0.015041253529488999,0.018555419432469706,0.0008203621895517551,0.0030518125277011997,0.0205202754586935,0.03687030095607035
source_mean,7,random,490,98,0.33877551020408164,0.016350205984365675,0.01511682290583845,0.018555419432469706,0.001121489319484615,0.002682574326172425,0.0245452700182795,0.045874916203319925
source_mean,7,uniform,98,98,0.08163265306122448,0.017907984478741232,0.0165656358003616,0.018555419432469706,0.001431902678450545,0.0031392774544656,0.023827762342989424,0.0447240347042679
source_mean,10,clustered,490,98,0.4346938775510204,0.015567690507884145,0.0136022893711924,0.018187996335280062,0.00085827792063351,0.0035586184239946002,0.022458179388195224,0.042445410043001126
source_mean,10,random,490,98,0.39591836734693875,0.017173438691605324,0.016140382736921248,0.018187996335280062,0.0011469743680208651,0.0028729027835651746,0.027081667445600026,0.043918909877538596
source_mean,10,uniform,98,98,0.07142857142857142,0.01765204602923734,0.0162328919395804,0.018187996335280062,0.00131632821867236,0.0031044186325743252,0.025162283796816974,0.042005735635757394
target_only,2,clustered,490,98,0.6183673469387755,1.4058819094546958e-13,1.2100756052561837e-13,9.300312596628888e-14,2.198409385984661e-14,4.871812825932905e-14,2.2178777098289667e-13,2.8232508968465893e-13
target_only,2,random,490,98,0.6204081632653061,1.6936261782705619e-13,1.2517057160731093e-13,9.300312596628888e-14,2.935571995584712e-14,5.92108098798139e-14,2.6129907970424276e-13,4.3360102428046184e-13
target_only,2,uniform,98,98,0.10204081632653061,7.787229394226875e-14,6.319407548790144e-14,9.300312596628887e-14,3.232815152186785e-14,5.060467137967288e-14,1.0207842228015121e-13,1.3131316238361445e-13
target_only,3,clustered,490,98,0.8673469387755102,3.0259748205410645e-13,1.6804353725587487e-13,2.275732695401512e-13,6.776348484617036e-14,1.4933993169700954e-13,4.002474417977471e-13,7.376644732331669e-13
target_only,3,random,490,98,0.5816326530612245,4.647306430794427e-13,1.5971557030484284e-13,2.275732695401512e-13,5.0606614981473654e-14,1.0713605939633843e-13,4.111381442001468e-13,1.00585167907459e-12
target_only,3,uniform,98,98,0.07142857142857142,2.1495628548945293e-13,1.1876109362422838e-13,2.275732695401512e-13,5.4684790123081274e-14,1.0457505189218324e-13,2.8226299607098803e-13,5.200143267380943e-13
target_only,5,clustered,490,98,0.9979591836734694,1.3837039529626168e-11,6.522164752720272e-12,9.80059851755146e-13,7.115284761122915e-13,6.265636013497167e-12,2.6609965533136437e-11,3.137225063065684e-11
target_only,5,random,490,98,0.46122448979591835,2.371194606761945e-11,1.0405255758579035e-12,9.80059851755146e-13,2.69089897662455e-13,3.7257629165003697e-13,2.6014059613041485e-12,3.256152465713751e-11
target_only,5,uniform,98,98,0.08163265306122448,9.355812222680418e-13,4.285835602428971e-13,9.80059851755146e-13,3.2293431709122523e-13,4.0119912735970056e-13,1.6411228116481463e-12,1.9129622907433643e-12
target_only,7,clustered,490,98,1.0,2.608448488081455e-07,2.1804473249176226e-07,1.0076346275313006e-12,2.951442326093457e-08,1.1221062479194191e-07,3.540816635450028e-07,6.341983436186637e-07
target_only,7,random,490,98,0.926530612244898,4.896661543752979e-09,1.8167416356018595e-11,1.0076346275313006e-12,5.427963959379891e-13,3.5136676012313683e-12,2.5053230323646147e-10,1.4066636655485219e-08
target_only,7,uniform,98,98,0.14285714285714285,9.483063709602189e-13,6.383807057194074e-13,1.0076346275313006e-12,3.665091301741259e-13,4.964783060579583e-13,1.3543528549087719e-12,1.8918950499095813e-12
target_only,10,clustered,490,98,0.0020408163265306124,7.040832736038283e-06,1.4348372587846825e-06,2.5197900842306566e-05,4.866800310310282e-07,8.842842191825184e-07,3.327727199575748e-06,3.389007069927162e-05
target_only,10,random,490,98,0.01020408163265306,1.0410258208160252e-05,1.75668407109697e-06,2.5197900842306566e-05,5.286954262828659e-07,1.0081634798098094e-06,3.8272478377621155e-06,5.7795151224127037e-05
target_only,10,uniform,98,98,0.07142857142857142,1.6405605824542767e-05,2.4782603986750473e-06,2.5197900842306566e-05,8.956436715834571e-07,1.325119086459381e-06,5.051275024925417e-06,8.287713717436414e-05
